1,กรุงเทพมหานคร,1,พระนคร,บริเวณที่จอดรถของสำนักงานเขตพระนคร
1,กรุงเทพมหานคร,1,ป้อมปราบศัตรูพ่าย,บริเวณสำนักงานเขตป้อมปราบศัตรูพ่าย
1,กรุงเทพมหานคร,1,สัมพันธวงศ์,บริเวณที่จอดรถของสำนักงานเขตสัมพันธวงศ์
1,กรุงเทพมหานคร,1,ดุสิต,โรงเรียนสุโขทัย เขตดุสิต
1,กรุงเทพมหานคร,2,ปทุมวัน,โรงเรียนวัดชัยมงคล
1,กรุงเทพมหานคร,2,บางรัก,ลานจอดรถด้านหลังสำนักงานเขตบางรัก
1,กรุงเทพมหานคร,2,สาธร,บริเวณสำนักงานเขตสาธร
1,กรุงเทพมหานคร,3,บางคอแหลม,ใต้อาคารสงเคราะห์ขา้ราชการและลูกจา้งประจำของกรุงเทพมหานคร
1,กรุงเทพมหานคร,3,ยานนาวา,บริเวณสำนักงานเขตยานนาวา
1,กรุงเทพมหานคร,4,คลองเตย,บริเวณสำนักงานเขตคลองเตย
1,กรุงเทพมหานคร,4,วัฒนา,โรงเรียนวัดธาตุทอง และบริเวณลานจอดรถวัดธาตุทอง
1,กรุงเทพมหานคร,5,ดินแดง,ศูนย์เยาวชนกรุงเทพมหานคร (ไทย-ญี่ปนุ่ดินแดง)
1,กรุงเทพมหานคร,5,ห้วยขวาง,บริเวณสำนักงานเขตห้วยขวาง
1,กรุงเทพมหานคร,6,พญาไท,อาคารลานเอนกประสงค์ กรมประชาสัมพันธ์ ถนนพระรามหก
1,กรุงเทพมหานคร,6,ราชเทวี,บริเวณลานจอดรถอาคารสำนักงานเขตราชเทวี
1,กรุงเทพมหานคร,6,จตุจกัร,ลานโครงการบ๊อกซ์ สเปส ด้านหลังสำนักงานเขตจตุจกัร
1,กรุงเทพมหานคร,7,บางซื่อ,บริเวณสำนักงานเขตบางซื่อ
1,กรุงเทพมหานคร,8,ลาดพร้าว,บริเวณสำนักงานเขตลาดพร้าว
1,กรุงเทพมหานคร,8,วังทองหลาง,บริเวณสำนักงานเขตวังทองหลาง
1,กรุงเทพมหานคร,9,หลักสี่,บริเวณสำนักงานเขตหลักสี่
1,กรุงเทพมหานคร,10,ดอนเมือง,เต๊นท์บริเวณลานจอดรถยนต์สำนักงานเขตดอนเมือง ถนนเชิดวุฒากาศ
1,กรุงเทพมหานคร,11,สายไหม,เต๊นท์บริเวณลานจอดรถสำนักงานเขตสายไหม
1,กรุงเทพมหานคร,12,บางเขน,บริเวณสถานที่จอดรถ สำนักงานเขตบางเขน
1,กรุงเทพมหานคร,13,บางกะปิ,บริเวณโรงเรียนมัธยมบ้านบางกะปิ และโรงเรียนบ้านบางกะปิ
1,กรุงเทพมหานคร,14,บึงกุ่ม,บริเวณลานจอดรถ สำนักงานเขตบึงกุ่ม
1,กรุงเทพมหานคร,15,มีนบุรี,เต็นท์บริเวณลานจอดรถห้างไทวัสดุ ถนนรามคำแหง
1,กรุงเทพมหานคร,15,คันนายาว,เต็นท์บริเวณสำนักงานเขตคันนายาว
1,กรุงเทพมหานคร,16,คลองสามวา,บริเวณลานจอดรถ สำนักงานเขตคลองสามวา
1,กรุงเทพมหานคร,17,หนองจอก,บริเวณลานจอดรถ สำนักงานเขตหนองจอก
1,กรุงเทพมหานคร,18,ลาดกระบัง,บริเวณสำนักงานเขตลาดกระบัง
1,กรุงเทพมหานคร,19,สะพานสูง,บริเวณสำนักงานเขตสะพานสูง
1,กรุงเทพมหานคร,19,ประเวศ,บริเวณลานจอดรถ สำนักงานเขตประเวศ
1,กรุงเทพมหานคร,20,สวนหลวง,บริเวณสำนักงานเขตสวนหลวง
1,กรุงเทพมหานคร,21,บางนา,บริเวณลานจอดรถ สำนักงานเขตบางนา
1,กรุงเทพมหานคร,21,พระโขนง,บริเวณสำนักงานเขตพระโขนง
1,กรุงเทพมหานคร,22,คลองสาน,บริเวณสำนักงานเขตคลองสาน
1,กรุงเทพมหานคร,22,บางกอกใหญ่,บริเวณโรงเรียนทวีธาภิเศก
1,กรุงเทพมหานคร,22,ธนบุรี,ศูนย์เยาวชนวัดเวฬุราชิณ เขตธนบุรี
1,กรุงเทพมหานคร,23,จอมทอง,ลานอเนกประสงค์ สำนักงานเขตจอมทอง
1,กรุงเทพมหานคร,24,ราษฎร์บูรณะ,เต็นท์บริเวณสำนักงานเขตราษฎร์บูรณะ
1,กรุงเทพมหานคร,24,ทุ่งครุ,เต็นท์บริเวณสำนักงานเขตทุ่งครุ
1,กรุงเทพมหานคร,25,บางขนุเทียน,บริเวณสวนพักผ่อนเซ็นทรัลพาร์ค สาขาพระราม 2
1,กรุงเทพมหานคร,26,บางบอน,บริเวณอาคารสำนักงานเขตบางบอน
1,กรุงเทพมหานคร,27,ทวีวัฒนา,บริเวณสำนักงานเขตทวีวัฒนา
1,กรุงเทพมหานคร,27,หนองแขม,บริเวณสำนักงานเขตหนองแขม
1,กรุงเทพมหานคร,28,บางแค,เต็นท์บริเวณลานจอดรถหน้าสำนักงานเขตบางแค
1,กรุงเทพมหานคร,29,ภาษีเจริญ,บริเวณลานจอดรถด้านหลังอาคารสำนักงานเขตภาษีเจริญ
1,กรุงเทพมหานคร,29,ตลิ่งชัน,บริเวณสำนักงานเขตตลิ่งชัน
1,กรุงเทพมหานคร,30,บางพลัด,ลานจอดรถสำนักงานเขตบางพลัด
1,กรุงเทพมหานคร,30,บางกอกน้อย,สำนักงานเขตบางกอกน้อย
2,กระบี่,1,เมืองกระบี่,หอประชุมโรงเรียนอนุบาลกระบ ี่(ท่าเรือ)
2,กระบี่,2,คลองท่อม,หอประชุมโรงเรียนคลองท่อมราษฎร์รังสรรค์
3,กาญจนบุรี,1,เมืองกาญจนบุรี,หอประชุมกำนัน-ผู้ใหญ่บ้าน อำเภอเมืองกาญจนบุรี
3,กาญจนบุรี,2,ท่าม่วง,หอประชุมอำเภอท่าม่วง (สโมสรอำเภอท่าม่วง)
3,กาญจนบุรี,3,ท่ามะกา,ศาลาประชาคมอำเภอท่ามะกา
3,กาญจนบุรี,4,เลาขวัญ,ศาลาประชาคมอำเภอเลาขวัญ
3,กาญจนบุรี,5,ทองผาภูมิ,หอประชุมอำเภอทองผาภูมิ
4,กาฬสินธุ์,1,เมืองกาฬสินธุ์,หอประชุมเฉลิมพระเกยีรติ 80 พรรษา มหาราชา
4,กาฬสินธุ์,2,ยางตลาด,หอประชุมอำเภอยางตลาด
4,กาฬสินธุ์,3,หนองกงุศรี,หอประชุมอำเภอหนองกงุศรี
4,กาฬสินธุ์,4,สมเด็จ,หอประชุมอำเภอสมเด็จ
4,กาฬสินธุ์,5,กฉุนารายณ์ิ,หอประชุมอำเภอกฉุนารายณ์ิ
5,กำแพงเพชร,1,เมืองกำแพงเพชร,ชั้นล่างอาคารเรียนโรงเรียนองค์การบริหารส่วนจงัหวัดกำแพงเพชร
5,กำแพงเพชร,2,พรานกระต่าย,หอประชุมอำเภอพรานกระต่าย
5,กำแพงเพชร,3,คลองขลุง,หอประชุมอำเภอคลองขลุง
5,กำแพงเพชร,4,ขาณุวรลักษบุรี,หอประชุมเฉลิมพระเกยีรติ 80 พรรษา อำเภอขาณุวรลักษบุรี
6,ขอนแกน่,1,เมืองขอนแกน่,สนามกฬีาจงัหวัดขอนแกน่
6,ขอนแกน่,2,เมืองขอนแกน่,หอประชุมโรงเรียนขามแกน่นคร
6,ขอนแกน่,3,น้ำพอง,หอประชุมอำเภอน้ำพอง
6,ขอนแกน่,4,อบุลรัตน์,หอประชุมอำเภออบุลรัตน์
6,ขอนแกน่,5,ภูเวียง,หอประชุมอำเภอภูเวียง
6,ขอนแกน่,6,ชุมแพ,หอประชุมอำเภอชุมแพ
6,ขอนแกน่,7,หนองเรือ,หอประชุมอำเภอหนองเรือ
6,ขอนแกน่,8,พล,หอประชุมอำเภอพล
6,ขอนแกน่,9,หนองสองห้อง,หอประชุมอำเภอหนองสองห้อง
6,ขอนแกน่,10,บ้านไผ่,หอประชุมอำเภอบ้านไผ่
7,จนัทบุรี,1,เมืองจนัทบุรี,อาคารอเนกประสงค์ เทศบาลตำบลพลับพลานารายณ์
7,จนัทบุรี,2,ท่าใหม่,"อาคารอเนกประสงค์ โรงเรียนท่าใหม่ ""พูลสวัสดิ์ราชนุกลู"""
7,จนัทบุรี,3,มะขาม,ศาลาประชาคมอำเภอมะขาม (ชั้นล่าง)
8,ฉะเชิงเทรา,1,เมืองฉะเชิงเทรา,อาคารศาลาไทย (จัตุรมุข) และสนามบริเวณหน้าอาคารศาลาไทย หน้าศาลากลางจังหวัดฉะเชิงเทรา
8,ฉะเชิงเทรา,2,บางน้ำเปรี้ยว,หอประชุมที่ว่าการอำเภอบางน้ำเปรี้ยว
8,ฉะเชิงเทรา,3,สนามชัยเขต,หอประชุมที่ว่าการอำเภอสนามชัยเขต
8,ฉะเชิงเทรา,4,บางปะกง,หอประชุมที่ว่าการอำเภอบางปะกง
9,ชลบุรี,1,เมืองชลบุรี,ศาลาประชาคมเทศบาลเมืองบ้านสวน
9,ชลบุรี,2,เมืองชลบุรี,ศาลารวมใจชน
9,ชลบุรี,3,พนัสนิคม,ศาลาประชาคมที่ว่าการอำเภอพนัสนิคม
9,ชลบุรี,4,บ้านบึง,โรงเรียนอนุบาลบ้านบึง (อำนาจคณูปถมัภ์)
9,ชลบุรี,5,ศรีราชา,โรงเรียนเทศบาลบ้านศรีมหาราชา
9,ชลบุรี,6,บางละมุง,สนามกฬีาโรงเรียนบางละมุง
9,ชลบุรี,7,บางละมุง,สวนสาธารณะเฉลิมพระเกยีรติ 82 พรรษา ภูมิพลมหาราชา เทศบาลเมืองหนองปรือ
9,ชลบุรี,8,สัตหีบ,สนามกฬีาโดม 61 โรงเรียนสิงห์สมุทร
10,ชัยนาท,1,เมืองชัยนาท,หอประชุมโรงเรียนชัยนาทพิทยาคม
10,ชัยนาท,2,หันคา,หอประชุมโรงเรียนหันคาพิทยาคม
11,ชัยภูมิ,1,เมืองชัยภูมิ,หอประชุมอำเภอเมืองชัยภูมิ
11,ชัยภูมิ,2,จตัุรัส,หอประชุมอำเภอจตัุรัส
11,ชัยภูมิ,3,เทพสถติ,หอประชุมอำเภอเทพสถติ
11,ชัยภูมิ,4,หนองบัวแดง,หอประชุมอำเภอหนองบัวแดง
11,ชัยภูมิ,5,ภูเขยีว,หอประชุมอำเภอภูเขยีว
11,ชัยภูมิ,6,แกง้คร้อ,หอประชุมอำเภอแกง้คร้อ
12,ชุมพร,1,เมืองชุมพร,อาคาร 9 โรงเรียนสอาดเผดิมวิทยา ตำบลท่าตะเภา
12,ชุมพร,2,ท่าแซะ,อาคารอเนกประสงค์ โรงเรียนอนุบาลท่าแซะ ตำบลท่าแซะ
12,ชุมพร,3,หลังสวน,ศาลาอเนกประสงค์อำเภอหลังสวน ตำบลหลังสวน
13,เชียงราย,1,เมืองเชียงราย,หอประชุมที่ว่าการอำเภอเมืองเชียงราย
13,เชียงราย,2,แม่สรวย,หอประชุมที่ว่าการอำเภอแม่สรวย
13,เชียงราย,3,พาน,หอประชุมองค์การบริหารส่วนตำบลเมืองพาน
13,เชียงราย,4,เทิง,หอประชุมที่ว่าการอำเภอเทิง
13,เชียงราย,5,เชียงของ,หอประชุมที่ว่าการอำเภอเชียงของ
13,เชียงราย,6,แม่สาย,หอประชุมที่ว่าการอำเภอแม่สาย
13,เชียงราย,7,แม่จนั,หอประชุมที่ว่าการอำเภอแม่จนั
14,เชียงใหม่,1,เมืองเชียงใหม่,อาคาร SME ศูนย์การประชุมและแสดงสินค้านานาชาติเฉลิมพระเกียรติ 7 รอบพระชนมพรรษา
14,เชียงใหม่,2,หางดง,สนามกฬีาเทศบาล เทศบาลตำบลสันผักหวาน
14,เชียงใหม่,3,สันกำแพง,สำนักงานเทศบาลเมืองตันเปา
14,เชียงใหม่,4,สันทราย,ที่ว่าการอำเภอสันทราย
14,เชียงใหม่,5,แม่ริม,หอประชุมที่ว่าการอำเภอแม่ริม
14,เชียงใหม่,6,เชียงดาว,สำนักงานเทศบาลตำบลเชียงดาว
14,เชียงใหม่,7,ฝาง,อาคารโดมอเนกประสงค์ โรงเรียนบ้านเวียงฝา
14,เชียงใหม่,8,สันป่าตอง,หอประชุมเทศบาลตำบลบ้านกลาง
14,เชียงใหม่,9,ฮอด,ศูนย์ป้องกนัและบรรเทาสาธารณภัย เทศบาลตำบลบ่อหลวง
15,ตรัง,1,เมืองตรัง,ห้องประชุมอาคารอเนกประสงค์เทศบาลนครตรัง ตำบลทับเที่ยง
15,ตรัง,2,ห้วยยอด,อาคารโดมอเนกประสงค์ โรงเรียนบ้านหนองสองพี่น้อง ตำบลหนองช้างแล่น
15,ตรัง,3,ย่านตาขาว,หอประชุมโรงเรียนตรังรังสฤษฎ์ ตำบลทุ่งค่าย
16,ตราด,1,เมืองตราด,บริเวณโรงจอดรถสำนักงานคณะกรรมการการเลือกตั้งประจำจงัหวัดตราด (เต็นท์)
17,ตาก,1,เมืองตาก,อาคาร 111 ปี โรงเรียนตากพิทยาคม
17,ตาก,2,แม่สอด,อาคารสนามบาส โรงเรียนสรรพวิทยาคม
17,ตาก,3,แม่ระมาด,หอประชุมที่ว่าการอำเภอแม่ระมาด
18,นครนายก,1,เมืองนครนายก,โรงเรียนนวมราชานุสรณ์
19,นครปฐม,1,เมืองนครปฐม,หอประชุมที่ว่าการอำเภอเมืองนครปฐม
19,นครปฐม,2,กำแพงแสน,หอประชุมที่ว่าการอำเภอกำแพงแสน
19,นครปฐม,3,บางเลน,หอประชุมที่ว่าการอำเภอบางเลน
19,นครปฐม,4,นครชัยศรี,หอประชุมที่ว่าการอำเภอนครชัยศรี
19,นครปฐม,5,สามพราน,หอประชุมที่ว่าการอำเภอสามพราน
20,นครพนม,1,ศรีสงคราม,หอประชุมที่ว่าการอำเภอศรีสงคราม
20,นครพนม,2,ท่าอเุทน,หอประชุมที่ว่าการอำเภอท่าอเุทน
20,นครพนม,3,เรณูนคร,หอประชุมที่ว่าการอำเภอเรณูนคร
20,นครพนม,4,นาแก,หอประชุมที่ว่าการอำเภอนาแก
21,นครราชสีมา,1,เมืองนครราชสีมา,อาคารฉลองสิริราชสมบัติครบ 50 ปี สำนักงานเทศบาลนครนครราชสีมา
21,นครราชสีมา,2,เมืองนครราชสีมา,ศูนย์ฝึกอบรมตำรวจภูธรภาค 3 ตำบลจอหอ
21,นครราชสีมา,3,สูงเนิน,หอประชุมอำเภอสูงเนิน
21,นครราชสีมา,4,โนนสูง,หอประชุมอำเภอโนนสูง
21,นครราชสีมา,5,บัวใหญ่,หอประชุมองค์การบริหารส่วนจงัหวัด อำเภอบัวใหญ่
21,นครราชสีมา,6,ประทาย,หอประชุมอำเภอประทาย
21,นครราชสีมา,7,ชุมพวง,หอประชุมอำเภอชุมพวง
21,นครราชสีมา,8,จกัราช,หอประชุมอำเภอจกัราช
21,นครราชสีมา,9,โชคชัย,หอประชุมอำเภอโชคชัย
21,นครราชสีมา,10,ครบุรี,ศาลาประชาคมอำเภอครบุรี
21,นครราชสีมา,11,ปักธงชัย,หอประชุมอำเภอปักธงชัย
21,นครราชสีมา,12,ปากช่อง,ศาลาประชาคมอำเภอปากช่อง
21,นครราชสีมา,13,ด่านขนุทด,หอประชุมอำเภอด่านขนุทด
21,นครราชสีมา,14,คง,หอประชุมอำเภอคง
22,นครศรีธรรมราช,1,เมืองนครศรีธรรมราช,ศาลาประชาคมที่ว่าการอำเภอเมืองนครศรีธรรมราช
22,นครศรีธรรมราช,2,ปากพนัง,ศาลาประชาคมที่ว่าการอำเภอปากพนัง
22,นครศรีธรรมราช,3,จฬุาภรณ์,ศาลาประชาคมอำเภอจฬุาภรณ์
22,นครศรีธรรมราช,4,ทุ่งสง,โรงยิมเนเซียมเทศบาลเมืองทุ่งสง
22,นครศรีธรรมราช,5,ฉวาง,ศาลาประชาคมอำเภอฉวาง
22,นครศรีธรรมราช,6,ร่อนพิบูลย์,ศาลาประชาคมอำเภอร่อนพิบูลย์
22,นครศรีธรรมราช,7,ท่าศาลา,ศาลาประชาคมอำเภอท่าศาลา
22,นครศรีธรรมราช,8,สิชล,ศาลาประชาคมอำเภอสิชล (หลังเกา่)
23,นครสวรรค์,1,เมืองนครสวรรค์,ศาลาประชาคมจงัหวัดนครสวรรค์
23,นครสวรรค์,2,เมืองนครสวรรค์,โรงเกบ็เครื่องจกัรกล องค์การบริหารส่วนตำบลนครสวรรค์ออก
23,นครสวรรค์,3,เกา้เลี้ยว,หอประชุมนิติธรรมคุณ โรงเรียนเกา้เลี้ยววิทยา
23,นครสวรรค์,4,ท่าตะโก,ศาลาประชาคมอำเภอท่าตะโก
23,นครสวรรค์,5,ตาคลี,ศาลาประชาคมอำเภอตาคลี
23,นครสวรรค์,6,ลาดยาว,ศาลาประชาคมอำเภอลาดยาว
24,นนทบุรี,1,เมืองนนทบุรี,บริเวณหน้าศาลากลางจงัหวัดนนทบุรี
24,นนทบุรี,2,เมืองนนทบุรี,สนามกฬีาจงัหวัดนนทบุรี
24,นนทบุรี,3,บางกรวย,วัดหูช้าง
24,นนทบุรี,4,ปากเกร็ด,โรงเรียนปากเกร็ด
24,นนทบุรี,5,บางบัวทอง,โรงเรียนวัดบางไผ่
24,นนทบุรี,6,ไทรน้อย,โรงเรียนวัดไทรใหญ่
25,นราธิวาส,1,เมืองนราธิวาส,หอประชุมโรงเรียนนราสิกขาลัย
25,นราธิวาส,2,สุไหงโก-ลก,หอประชุมโรงเรียนสุไหงโก-ลก
25,นราธิวาส,3,ระแงะ,หอประชุมอำเภอระแงะ
25,นราธิวาส,4,รือเสาะ,ศาลาประชาคมอำเภอรือเสาะ
26,น่าน,1,เมืองน่าน,โรงยิมวิทยาลัยเทคนิคน่าน
26,น่าน,2,เวียงสา,อาคารเรียน 1 (ชั้นล่าง) โรงเรียนศรีเวียงสาวิทยาคาร
26,น่าน,3,ปัว,อาคารอเนกประสงค์วิทยาลัยการอาชีพปัว
27,บึงกาฬ,1,เมืองบึงกาฬ,หอประชุมโรงเรียนบึงกาฬ
27,บึงกาฬ,2,พรเจริญ,ห้องประชุมโรงเรียนพรเจริญวิทยา
28,บุรีรัมย์,1,เมืองบุรีรัมย์,หอประชุมอำเภอเมืองบุรีรัมย์
28,บุรีรัมย์,2,สตึก,หอประชุมอำเภอสตึก
28,บุรีรัมย์,3,พุทไธสง,หอประชุมเอนกประสงค์โรงเรียนพุทไธสง
28,บุรีรัมย์,4,ลำปลายมาศ,หอประชุมอำเภอลำปลายมาศ
28,บุรีรัมย์,5,ห้วยราช,หอประชุมอำเภอห้วยราช จงัหวัดบุรีรัมย์ (หลังเดิม)
28,บุรีรัมย์,6,นางรอง,หอประชุมอำเภอนางรอง
28,บุรีรัมย์,7,ประโคนชัย,หอประชุมอำเภอประโคนชัย
28,บุรีรัมย์,8,ละหานทราย,โรงยิมอเนกประสงค์ เทศบาลตำบลละหานทราย
29,ปทุมธานี,1,เมืองปทุมธานี,โรงเรียนปทุมธานี นันทมุนีบำรุง
29,ปทุมธานี,2,เมืองปทุมธานี,ลานโดมอเนกประสงค์ วิทยาลัยการอาชีวศึกษาปทุมธานี
29,ปทุมธานี,3,คลองหลวง,อาคารอเนกประสงค์ เทศบาลเมืองท่าโขลง
29,ปทุมธานี,4,ลำลูกกา,ห้างสรรพสินค้าเซียร์ รังสิต
29,ปทุมธานี,5,ลำลูกกา,วัดสุวรรณบำรุงราชวราราม
29,ปทุมธานี,6,ธัญบุรี,โดมโรงเรียนธัญรัตน์
30,ประจวบคีรีขนัธ์,1,เมืองประจวบคีรีขนัธ์,หอประชุมโรงเรียนเทศบาลวัดธรรมิการาม
30,ประจวบคีรีขนัธ์,2,ปราณบุรี,บริเวณสนามหน้าที่ว่าการอำเภอปราณบุรี
30,ประจวบคีรีขนัธ์,3,บางสะพาน,หอประชุมที่ว่าการอำเภอบางสะพาน
31,ปราจนีบุรี,1,เมืองปราจนีบุรี,โรงเรียนปราจณิราษฎรอำรุง
31,ปราจนีบุรี,2,ศรีมหาโพธิ,โรงเรียนศรีมหาโพธิ
31,ปราจนีบุรี,3,กบินทร์บุรี,โรงเรียนกบินทร์วิทยา
32,ปัตตานี,1,เมืองปัตตานี,หอประชุมองค์การบริหารส่วนจงัหวัดปัตตานี
32,ปัตตานี,2,โคกโพธิ์,หอประชุมโรงเรียนโพธิ์คีรีราชศึกษา
32,ปัตตานี,3,สายบุรี,หอประชุมอำเภอสายบุรี
32,ปัตตานี,4,ยะรัง,หอประชุมอำเภอยะรัง
33,พระนครศรีอยุธยา,1,พระนครศรีอยุธยา,อาคารโรงเรียนอยุธยาวิทยาลัย
33,พระนครศรีอยุธยา,2,บางปะหัน,อาคารโรงเรียนบางปะหัน
33,พระนครศรีอยุธยา,3,บางปะอนิ,"อาคารโรงเรียนบางปะอนิ ""ราชานุเคราะห์ 1"""
33,พระนครศรีอยุธยา,4,เสนา,อาคารโรงเรียนวัดสามกอ
34,พะเยา,1,เมืองพะเยา,ศาลาประชาคมจงัหวัดพะเยา
34,พะเยา,1,เมืองพะเยา,อาคาร 99 ปี พระอบุาลี มหาวิทยาลัยพะเยา
34,พะเยา,2,เชียงคำ,หอประชุมโรงเรียนเชียงคำวิทยาคม
34,พะเยา,3,ดอกคำใต้,หอประชุมโรงเรียนดอกคำใต้วิทยาคม
35,พังงา,1,เมืองพังงา,โรงฝึกพลศึกษา โรงเรียนเทศบาลบ้านท้ายช้าง
35,พังงา,1,ท้ายเหมือง,อาคารหอประชุม โรงเรียนบ้านลำแกน่
36,พัทลุง,1,เมืองพัทลุง,หอประชุมจงัหวัดพัทลุง บริเวณทิศตะวันตกของศาลากลางจงัหวัดพัทลุง
36,พัทลุง,2,ควนขนุน,หอประชุมโรงเรียนควนขนุน
36,พัทลุง,3,ตะโหมด,หอประชุมโรงเรียนตะโหมด
37,พิจติร,1,เมืองพิจติร,หอประชุมที่ว่าการอำเภอเมืองพิจติร (หลังใหม่)
37,พิจติร,2,ทับคล้อ,ศาลาประชาคมอำเภอทับคล้อ
37,พิจติร,3,บางมูลนาก,ศาลาประชาคมอำเภอบางมูลนาก
38,พิษณุโลก,1,เมืองพิษณุโลก,ศาลาประชาคมจงัหวัดพิษณุโลก
38,พิษณุโลก,2,พรหมพิราม,ศูนย์ประสานแผนและพัฒนาท้องถิ่นอำเภอพรหมพิราม
38,พิษณุโลก,3,วังทอง,ศูนย์ประสานแผนและพัฒนาท้องถิ่นอำเภอวังทอง
38,พิษณุโลก,4,บางระกำ,ศูนย์ประสานแผนและพัฒนาท้องถิ่นอำเภอบางระกำ
38,พิษณุโลก,5,นครไทย,ศูนย์ประสานแผนและพัฒนาท้องถิ่นอำเภอนครไทย
39,เพชรบุรี,1,เมืองเพชรบุรี,หอประชุมวิทยาลัยอาชีวศึกษาเพชรบุรี
39,เพชรบุรี,2,ชะอำ,อาคารอเนกประสงค์ โรงเรียนเทศบาล 1 บ้านชะอำ
39,เพชรบุรี,3,เขาย้อย,หอประชุมที่ว่าการอำเภอเขาย้อย
40,เพชรบูรณ์,1,เมืองเพชรบูรณ์,หอประชุมองค์การบริหารส่วนจงัหวัดเพชรบูรณ์
40,เพชรบูรณ์,2,หล่มสัก,หอประชุมอำเภอหล่มสัก
40,เพชรบูรณ์,3,ชนแดน,หอประชุมอำเภอชนแดน
40,เพชรบูรณ์,4,บึงสามพัน,หอประชุมอำเภอบึงสามพัน
40,เพชรบูรณ์,5,วิเชียรบุรี,หอประชุมอำเภอวิเชียรบุรี
41,แพร่,1,เมืองแพร่,หอประชุมอำเภอเมืองแพร่ ที่ว่าการอำเภอเมืองแพร่
41,แพร่,2,ลอง,หอประชุมเวียงเชียงชื่น ที่ว่าการอำเภอลอง
42,ภูเกต็,1,เมืองภูเกต็,ศาลาประชาคมจงัหวัดภูเกต็
42,ภูเกต็,2,ถลาง,โรงเรียนถลางพระนางสร้าง
43,มหาสารคาม,1,เมืองมหาสารคาม,หอประชุมโรงเรียนผดุงนารี
43,มหาสารคาม,2,วาปีปทุม,หอประชุมที่ว่าการอำเภอวาปีปทุม
43,มหาสารคาม,3,พยัคฆภูมิพิสัย,ศาลาอเนกประสงค์ หมทู่่ี 1 บริเวณที่ว่าการอำเภอพยัคฆภูมิพิสัย
43,มหาสารคาม,4,โกสุมพิสัย,หอประชุมที่ว่าการอำเภอโกสุมพิสัย
43,มหาสารคาม,5,เชียงยืน,หอประชุมที่ว่าการอำเภอเชียงยืน
44,มุกดาหาร,1,เมืองมุกดาหาร,หอประชุมอำเภอเมืองมุกดาหาร
44,มุกดาหาร,2,คำชะอี,ศาลาประชาคมอำเภอคำชะอี
45,แม่ฮ่องสอน,1,เมืองแม่ฮ่องสอน,ศาลาประชาคมจงัหวัดแม่ฮ่องสอน
45,แม่ฮ่องสอน,1,ปาย,หอประชุมโรงเรียนปายวิทยาคาร
45,แม่ฮ่องสอน,1,แม่สะเรียง,ห้องประชุมสำนักงานเขตพื้นที่การศึกษาประถมศึกษา แม่ฮ่องสอน เขต 2
46,ยโสธร,1,เมืองยโสธร,อาคารอเนกประสงค์อำเภอเมืองยโสธร
46,ยโสธร,2,มหาชนะชัย,หอประชุมโรงเรียนมหาชนะชัย
46,ยโสธร,3,เลิงนกทา,หอประชุมโรงเรียนอนุบาลเลิงนกทา
47,ยะลา,1,เมืองยะลา,อาคารศรีนิบง ศูนย์เยาวชนเทศบาลนครยะลา
47,ยะลา,2,ยะหา,โรงเรียนบ้านยะหา
47,ยะลา,3,เบตง,ศาลาเฉลิมพระเกยีรติ 80 พรรษา ศาลาประชาคมเทศบาลเมืองเบตง
47,ยะลา,3,บันนังสตา,โรงเรียนบันนังสตาอนิทรฉตัร
48,ร้อยเอด็,1,เมืองร้อยเอด็,หอประชุมอำเภอเมืองร้อยเอด็
48,ร้อยเอด็,2,จงัหาร,หอประชุมอำเภอจงัหาร
48,ร้อยเอด็,3,โพนทอง,หอประชุมอำเภอโพนทอง
48,ร้อยเอด็,4,เสลภูมิ,หอประชุมอำเภอเสลภูมิ
48,ร้อยเอด็,5,พนมไพร,หอประชุมอำเภอพนมไพร
48,ร้อยเอด็,6,สุวรรณภูมิ,หอประชุมอำเภอสุวรรณภูมิ
48,ร้อยเอด็,7,เกษตรวิสัย,หอประชุมอำเภอเกษตรวิสัย
49,ระนอง,1,เมืองระนอง,อาคารโรงยิมเนเซี่ยม องค์การบริหารส่วนจงัหวัดระนอง ตำบลบางริ้น
50,ระยอง,1,เมืองระยอง,โรงเรียนมัธยมตากสินระยอง
50,ระยอง,2,แกลง,ศาลาเศรษฐกจิพอเพียง ที่ว่าการอำเภอแกลง
50,ระยอง,3,บ้านค่าย,วิทยาลัยเทคนิคบ้านค่าย
50,ระยอง,4,บ้านฉาง,โรงเรียนวัดบ้านฉาง
51,ราชบุรี,1,เมืองราชบุรี,โรงเรียนราชโบริกานุเคราะห์
51,ราชบุรี,2,ปากท่อ,โรงเรียนปากท่อพิทยาคม
51,ราชบุรี,3,โพธาราม,สำนักงานเขตพื้นที่การศึกษาประถมศึกษา เขต 2
51,ราชบุรี,4,บ้านโป่ง,"โรงเรียนวัดบ้านโป่ง ""สามัคคีคุณูปถมัภ์"""
51,ราชบุรี,5,ดำเนินสะดวก,โรงเรียนวัดอมรญาติสมาคม
52,ลพบุรี,1,เมืองลพบุรี,โรงยิมในสนามกฬีาพระราเมศวร
52,ลพบุรี,2,บ้านหมี่,หอประชุมโรงเรียนปิยะบุตร์
52,ลพบุรี,3,โคกสำโรง,หอประชุมโรงเรียนโคกสำโรง
52,ลพบุรี,4,ชัยบาดาล,อาคารอเนกประสงค์อำเภอชัยบาดาล
53,ลำปาง,1,เมืองลำปาง,อาคารหอประชุมศูนย์การเรียนรู้ตามหลักปรัชญาเศรษฐกจิพอเพียง (พัฒนวิท) โรงเรียนเตรียมอดุมศึกษาพัฒนาการเขลางค์นคร
53,ลำปาง,2,งาว,อาคารหอประชุมอำเภองาว ที่ว่าการอำเภองาว
53,ลำปาง,3,เมืองลำปาง,อาคารกองพัฒนานักศึกษา มหาวิทยาลัยราชภัฏลำปาง
53,ลำปาง,4,เถนิ,อาคารหอประชุมอำเภอเถนิ ที่ว่าการอำเภอเถนิ
54,ลำพูน,1,เมืองลำพูน,อาคารเฉลิมพระเกียรติฉลองราชสมบัติครบ 60 พรรษา โรงเรียนส่วนบุญโญปถัมภ์ ลำพนู
54,ลำพูน,2,บ้านโฮ่ง,หอประชุมอนิทนิล โรงเรียนธีรกานท์บ้านโฮ่ง
55,เลย,1,เมืองเลย,ศูนย์เยาวชนเทศบาลเมืองเลย เทศบาลเมืองเลย ตำบลกดุป่อง
55,เลย,2,หนองหิน,หอประชุมอำเภอหนองหิน ที่ว่าการอำเภอหนองหิน
55,เลย,3,ภูเรือ,หอประชุมอำเภอภูเรือ ที่ว่าการอำเภอภูเรือ
56,ศรีสะเกษ,1,เมืองศรีสะเกษ,หอประชุมเฉลิมพระเกยีรติฉลองสิริราชสมบัติครบ 60
56,ศรีสะเกษ,2,กนัทรารมย์,หอประชุมที่ว่าการอำเภอกนัทรารมย์
56,ศรีสะเกษ,3,ศรีรัตนะ,หอประชุมที่ว่าการอำเภอศรีรัตนะ
56,ศรีสะเกษ,4,กนัทรลักษ์,หอประชุมดำรงวิทยพัฒน์ โรงเรียนอนุบาลดำรงราชานุสรณ์
56,ศรีสะเกษ,5,ขนุหาญ,หอประชุมโรงเรียนขนุหาญวิทยาสรรค์
56,ศรีสะเกษ,6,ขขุนธ์ั,หอประชุมที่ว่าการอำเภอขขุนธ์ั
56,ศรีสะเกษ,7,อทุุมพรพิสัย,หอประชุมที่ว่าการอำเภออทุุมพรพิสัย
56,ศรีสะเกษ,8,ราษีไศล,หอประชุมที่ว่าการอำเภอราษีไศล
57,สกลนคร,1,เมืองสกลนคร,หอประชุมอำเภอเมืองสกลนคร
57,สกลนคร,2,โคกศรีสุพรรณ,หอประชุมอำเภอโคกศรีสุพรรณ
57,สกลนคร,3,พังโคน,หอประชุมอำเภอพังโคน
57,สกลนคร,4,สว่างดินแดน,หอประชุมอำเภอสว่างดินแดน
57,สกลนคร,5,วานรนิวาส,หอประชุมอำเภอวานรนิวาส
57,สกลนคร,6,พรรณานิคม,หอประชุมอำเภอพรรณานิคม
58,สงขลา,1,เมืองสงขลา,โรงยิมเนเซี่ยม สนามกฬีาติณสูลานนท์
58,สงขลา,2,หาดใหญ่,โรงยิมเนเซี่ยม สนามกฬีาจริะนคร เทศบาลนครหาดใหญ่
58,สงขลา,3,หาดใหญ่,โรงยิมเนเซี่ยม โรงเรียนหาดใหญ่รัฐประชาสรรค์
58,สงขลา,4,สทิงพระ,ศาลาประชาคม ที่ว่าการอำเภอสทิงพระ
58,สงขลา,5,ควนเนียง,หอประชุมโรงเรียนควนเนียงวิทยา
58,สงขลา,6,สะเดา,ศูนย์การเรียนรู้สู่อาเซียน เทศบาลเมืองสะเดา
58,สงขลา,7,นาทวี,ศาลาประชาคม ที่ว่าการอำเภอนาทวี
58,สงขลา,8,จะนะ,หอประชุม โรงเรียนบ้านนา
59,สตูล,1,เมืองสตูล,หอประชุมวิทยาลัยเทคนิคสตูล (ชั้นล่าง)
59,สตูล,2,ละงู,หอประชุมโรงเรียนละงูพิทยาคม
60,สมุทรปราการ,1,เมืองสมุทรปราการ,ลานจอดรถหน้าศาลากลางจงัหวัดสมุทรปราการ
60,สมุทรปราการ,2,เมืองสมุทรปราการ,ศูนย์เบญจบูรพาสุวรรณภูมิ
60,สมุทรปราการ,3,เมืองสมุทรปราการ,ลานอเนกประสงค์ที่ทำการองค์การบริหารส่วนตำบลเทพารักษ์
60,สมุทรปราการ,4,บางพลี,โรงเรียนบางพลีราษฎร์บำรุง
60,สมุทรปราการ,5,บางบ่อ,โรงเรียนอนุบาลชุมชนบางบ่อ
60,สมุทรปราการ,6,พระประแดง,โรงเรียนราชประชาสมาสัย ฝ่ายมัธยม รัชดาภิเษก ในพระบรมราชูปถมัภ์
60,สมุทรปราการ,7,พระสมุทรเจดีย์,โรงเรียนป้อมนาคราชสวาทยานนท์
61,สมุทรสงคราม,1,เมืองสมุทรสงคราม,อาคารกจิกรรมวิทยาลัยเทคนิคสมุทรสงคราม ตำบลลาดใหญ่
62,สมุทรสาคร,1,เมืองสมุทรสาคร,โรงเรียนสมุทรสาครวิทยาลัย
62,สมุทรสาคร,2,กระทุ่มแบน,เทศบาลนครออ้มน้อย
62,สมุทรสาคร,3,บ้านแพ้ว,ศาลาประชาคมอำเภอบ้านแพ้ว
63,สระแกว้,1,เมืองสระแกว้,หอประชุมที่ว่าการอำเภอเมืองสระแกว้
63,สระแกว้,2,วัฒนานคร,หอประชุมที่ว่าการอำเภอวัฒนานคร
63,สระแกว้,3,อรัญประเทศ,อาคารอเนกประสงค์ เทศบาลเมืองอรัญญประเทศ
64,สระบุรี,1,เมืองสระบุรี,หอประชุมองค์การบริหารส่วนจงัหวัดสระบุรี (หลังเกา่) และบริเวณโดยรอบ
64,สระบุรี,2,แกง่คอย,หอประชุมอำเภอแกง่คอย และบริเวณโดยรอบ
64,สระบุรี,3,หนองแค,หอประชุมอำเภอหนองแค และบริเวณโดยรอบ
65,สิงห์บุรี,1,เมืองสิงห์บุรี,อาคารอเนกประสงค์สนามกฬีาองค์การบริหารส่วนจงัหวัดสิงห์บุรี
66,สุโขทัย,1,เมืองสุโขทัย,อาคารพลานามัย โรงเรียนอดุมดรุณี
66,สุโขทัย,2,คีรีมาศ,หอประชุมอำเภอคีรีมาศ
66,สุโขทัย,3,ศรีสัชนาลัย,ห้องประชุมสำนักงานเทศบาลเมืองศรีสัชนาลัย
67,สุพรรณบุรี,1,เมืองสุพรรณบุรี,อาคารโดมนพรัตน์ สำนักงานเขตพื้นที่การศึกษาประถมศึกษา สุพรรณบุรี เขต 1
67,สุพรรณบุรี,2,สองพี่น้อง,หอประชุมอำเภอสองพี่น้อง
67,สุพรรณบุรี,3,ศรีประจนัต์,"หอประชุมโรงเรียนศรีประจนัต์ ""เมธีประมุข"""
67,สุพรรณบุรี,4,เดิมบางนางบวช,หอประชุมอำเภอเดิมบางนางบวช
68,สุราษฎร์ธานี,1,เมืองสุราษฎร์ธานี,โรงเรียนสุราษฎร์ธานี
68,สุราษฎร์ธานี,2,ดอนสัก,"โรงเรียนองค์การบริหารส่วนจงัหวัดสุราษฎร์ธานี 1 ""โรงเรียนดอนสักผดุงวิทย์"""
68,สุราษฎร์ธานี,3,บ้านนาสาร,ศาลาประชาคมอำเภอบ้านนาสาร
68,สุราษฎร์ธานี,4,พุนพิน,โรงเรียนวัดตรณาราม
68,สุราษฎร์ธานี,5,บ้านตาขนุ,ศาลาประชาคมอำเภอบ้านตาขนุ
68,สุราษฎร์ธานี,6,ไชยา,โรงเรียนไชยาวิทยา
69,สุรินทร์,1,เมืองสุรินทร์,หอประชุมจงัหวัดสุรินทร์
69,สุรินทร์,2,เขวาสินรินทร์,หอประชุมอำเภอเขวาสินรินทร์
69,สุรินทร์,3,สนม,หอประชุมอำเภอสนม
69,สุรินทร์,4,ท่าตูม,หอประชุมอำเภอท่าตูม
69,สุรินทร์,5,ศีขรภูมิ,หอประชุมอำเภอศีขรภูมิ
69,สุรินทร์,6,สังขะ,หอประชุมอำเภอสังขะ
69,สุรินทร์,7,ปราสาท,หอประชุมอำเภอปราสาท
70,หนองคาย,1,เมืองหนองคาย,หอประชุมองคก์ารบริหารสว่นจังหวัดหนองคาย (ข้างศาลากลางจังหวัดหนองคาย หลังเดมิ)
70,หนองคาย,2,โพนพิสัย,หอประชุมอำเภอโพนพิสัย
70,หนองคาย,3,ศรีเชียงใหม่,หอประชุมอำเภอศรีเชียงใหม่
71,หนองบัวลำภู,1,เมืองหนองบัวลำภู,หอประชุมที่ว่าการอำเภอเมืองหนองบัวลำภู
71,หนองบัวลำภู,2,ศรีบุญเรือง,หอประชุมที่ว่าการอำเภอศรีบุญเรือง
71,หนองบัวลำภู,3,นากลาง,หอประชุมที่ว่าการอำเภอนากลาง
72,อา่งทอง,1,เมืองอา่งทอง,อาคารสำนึกรักบ้านเกดิ โรงเรียนอนุบาลวัดอา่งทอง
73,อำนาจเจริญ,1,เมืองอำนาจเจริญ,ศาลาประชาคมอำเภอเมืองอำนาจเจริญ
73,อำนาจเจริญ,2,ปทุมราชวงศา,หอประชุมโรงเรียนปทุมราชวงศา
74,อดุรธานี,1,เมืองอดุรธานี,ศูนย์เยาวชนเทศบาลนครอดุรธานี
74,อดุรธานี,2,เพ็ญ,หอประชุมอำเภอเพ็ญ
74,อดุรธานี,3,บ้านดุง,หอประชุมอำเภอบ้านดุง
74,อดุรธานี,4,หนองหาน,หอประชุมอำเภอหนองหาน
74,อดุรธานี,5,ศรีธาตุ,หอประชุมอำเภอศรีธาตุ
74,อดุรธานี,6,กมุภวาปี,หอประชุมอำเภอกมุภวาปี
74,อดุรธานี,7,หนองวัวซอ,หอประชุมอำเภอหนองวัวซอ
74,อดุรธานี,8,บ้านผือ,ห้องประชุมบริบาลภูมิเขตต์
75,อตุรดิตถ์,1,เมืองอตุรดิตถ์,ศาลาประชาคม ศาลากลางจงัหวัดอตุรดิตถ์
75,อตุรดิตถ์,2,น้ำปาด,โรงเรียนชุมชนไกรลาศวิทยาคม
76,อทุัยธานี,1,เมืองอทุัยธานี,อาคารสนามกฬีากลางจงัหวัดอทุัยธานี
76,อทุัยธานี,2,บ้านไร่,อาคารอเนกประสงค์ องค์การบริหารส่วนตำบลหูช้าง
77,อบุลราชธานี,1,เมืองอบุลราชธานี,หอประชุมอำเภอเมืองอบุลราชธานี
77,อบุลราชธานี,2,เขื่องใน,หอประชุมอำเภอเขื่องใน
77,อบุลราชธานี,3,วารินชำราบ,หอประชุมอำเภอวารินชำราบ
77,อบุลราชธานี,4,เดชอดุม,หอประชุมอำเภอเดชอดุม
77,อบุลราชธานี,5,ตระการพืชผล,หอประชุมอำเภอตระการพืชผล
77,อบุลราชธานี,6,นาตาล,หอประชุมอำเภอนาตาล
77,อบุลราชธานี,7,ศรีเมืองใหม่,หอประชุมอำเภอศรีเมืองใหม่
77,อบุลราชธานี,8,พิบูลมังสาหาร,หอประชุมอำเภอพิบูลมังสาหาร
77,อบุลราชธานี,9,บุณฑริก,หอประชุมอำเภอบุณฑริก
77,อบุลราชธานี,10,ทุ่งศรีอดุม,หอประชุมอำเภอทุ่งศรีอดุม