ลำดับ ที่,จังหวัด,"จำนวน
 สมาชิกสภา ผู้แทนราษฎร","จำนวน
 เขตเลือกตั้ง","เขต
 เลือกตั้งที่","ท้องที่ที่ประกอบ
 เป็นเขตเลือกตั้ง",,
๑,ตราด,๑,๑,๑,ทั้งจังหวัด,,1
๒,นครนายก,๑,๑,๑,ทั้งจังหวัด,,1
๓,พังงา,๑,๑,๑,ทั้งจังหวัด,,1
๔,แม่ฮ่องสอน,๑,๑,๑,ทั้งจังหวัด,,1
๕,ระนอง,๑,๑,๑,ทั้งจังหวัด,,1
๖,สมุทรสงคราม,๑,๑,๑,ทั้งจังหวัด,,1
๗,สิงห์บุรี,๑,๑,๑,ทั้งจังหวัด,,1
๘,อ่างทอง,๑,๑,๑,ทั้งจังหวัด,,1
๙,กระบี่,๒,๒,"๑
 
 
 
 ๒","๑. อำเภอเมืองกระบี่
 ๒. อำเภออ่าวลึก
 ๓. อำเภอปลายพระยา
 ๔. อำเภอเขาพนม (เฉพาะตำบลหน้าเขา และตำบลเขาดิน) ๑. อำเภอเหนือคลอง
 ๒. อำเภอคลองท่อม
 ๓. อำเภอเกาะลันตา
 ๔. อำเภอลำทับ
 ๕. อำเภอเขาพนม (ยกเว้นตำบลหน้าเขา และตำบลเขาดิน)",,1
,,,,,,,0
หนา ๗,,,,,,,0
,,,,,,,0
ลำดับ ที่,จังหวัด,"จำนวน
 สมาชิกสภา ผู้แทนราษฎร","จำนวน
 เขตเลือกตั้ง","เขต
 เลือกตั้งที่","ท้องที่ที่ประกอบ
 เป็นเขตเลือกตั้ง",,1
๑๐,ชัยนาท,๒,๒,"๑
 
 
 
 
 
 
 
 
 ๒","๑. อำเภอเมืองชัยนาท
 ๒. อำเภอสรรพยา ๓. อำเภอมโนรมย์
 ๔. อำเภอวัดสิงห์
 (เฉพาะตำบลมะขามเฒ่า ตำบลหนองน้อย ตำบลหนองบัว ตำบลหนองขุ่น
 และเทศบาลตำบลวัดสิงห์)
 ๑. อำเภอสรรคบุรี
 ๒. อำเภอหันคา
 ๓. อำเภอเนินขาม
 ๔. อำเภอหนองมะโมง
 ๕. อำเภอวัดสิงห์
 (ยกเว้นตำบลมะขามเฒ่า ตำบลหนองน้อย ตำบลหนองบัว ตำบลหนองขุ่น และเทศบาลตำบลวัดสิงห์)",,1
๑๑,บึงกาฬ,๒,๒,"๑
 
 
 
 ๒","๑. อำเภอเมืองบึงกาฬ
 ๒. อำเภอโซ่พิสัย
 ๓. อำเภอปากคาด
 ๔. อำเภอบุ่งคล้า
 ๑. อำเภอเซกา
 ๒. อำเภอพรเจริญ
 ๓. อำเภอศรีวิไล
 ๔. อำเภอบึงโขงหลง",,1
๑๒,แพร่,๒,๒,๑,"๑. อำเภอเมืองแพร่
 ๒. อำเภอสอง
 ๓. อำเภอร้องกวาง
 ๔. อำเภอหนองม่วงไข่",,1
,,,,,,,0
หนา ๘,,,,,,,0
,,,,,,,0
ลำดับ ที่,จังหวัด,"จำนวน
 สมาชิกสภา ผู้แทนราษฎร","จำนวน
 เขตเลือกตั้ง","เขต
 เลือกตั้งที่","ท้องที่ที่ประกอบ
 เป็นเขตเลือกตั้ง",,1
,,,,๒,"๑. อำเภอสูงเม่น
 ๒. อำเภอเด่นชัย
 ๓. อำเภอลอง
 ๔. อำเภอวังชิ้น",,1
๑๓,ภูเก็ต,๒,๒,"๑
 
 
 ๒","อำเภอเมืองภูเก็ต (ยกเว้นตำบลเกาะแก้ว ตำบลราไวย์ และตำบลกะรน)
 ๑. อำเภอถลาง
 ๒. อำเภอกะทู้
 ๓. อำเภอเมืองภูเก็ต
 (เฉพาะตำบลเกาะแก้ว ตำบลราไวย์ และตำบลกะรน)",,1
๑๔,มุกดาหาร,๒,๒,"๑
 
 
 
 
 
 
 
 
 
 
 
 ๒","๑. อำเภอเมืองมุกดาหาร (เฉพาะตำบลมุกดาหาร ตำบลศรีบุญเรือง ตำบลคำอาฮวน ตำบลดงเย็น ตำบลบางทรายใหญ่ ตำบลบ้านโคก ตำบลคำป่าหลาย ตำบลกุดแข้ ตำบลนาสีนวน และตำบลโพนทราย)
 ๒. อำเภอดอนตาล
 ๓. อำเภอหว้านใหญ่
 ๑. อำเภอเมืองมุกดาหาร (ยกเว้นตำบลมุกดาหาร ตำบลศรีบุญเรือง ตำบลคำอาฮวน ตำบลดงเย็น ตำบลบางทรายใหญ่",,1
,,,,,,,0
หนา ๙,,,,,,,0
,,,,,,,0
ลำดับ ที่,จังหวัด,"จำนวน
 สมาชิกสภา ผู้แทนราษฎร","จำนวน
 เขตเลือกตั้ง","เขต
 เลือกตั้งที่","ท้องที่ที่ประกอบ
 เป็นเขตเลือกตั้ง",,1
,,,,,"ตำบลบ้านโคก ตำบลคำป่าหลาย ตำบลกุดแข้ ตำบลนาสีนวน และตำบลโพนทราย)
 ๒. อำเภอคำชะอี
 ๓. อำเภอนิคมคำสร้อย
 ๔. อำเภอดงหลวง
 ๕. อำเภอหนองสูง",,1
๑๕,ลำพูน,๒,๒,"๑
 
 
 ๒","๑. อำเภอเมืองลำพูน
 ๒. อำเภอแม่ทา
 ๓. อำเภอบ้านธิ
 ๑. อำเภอเวียงหนองล่อง
 ๒. อำเภอบ้านโฮ่ง
 ๓. อำเภอทุ่งหัวช้าง
 ๔. อำเภอลี้
 ๕. อำเภอป่าซาง",,1
๑๖,สตูล,๒,๒,"๑
 
 
 
 ๒","๑. อำเภอเมืองสตูล
 ๒. อำเภอควนโดน
 ๓. อำเภอควนกาหลง (เฉพาะตำบลทุ่งนุ้ย) ๑. อำเภอควนกาหลง
 (ยกเว้นตำบลทุ่งนุ้ย)
 ๒. อำเภอละงู
 ๓. อำเภอท่าแพ
 ๔. อำเภอทุ่งหว้า
 ๕. อำเภอมะนัง",,1
๑๗,อำนาจเจริญ,๒,๒,"๑
 
 ๒","๑. อำเภอเมืองอำนาจเจริญ
 ๒. อำเภอหัวตะพาน
 ๑. อำเภอปทุมราชวงศา
 ๒. อำเภอลืออำนาจ",,1
,,,,,,,0
หนา ๑๐,,,,,,,0
,,,,,,,0
ลำดับ ที่,จังหวัด,"จำนวน
 สมาชิกสภา ผู้แทนราษฎร","จำนวน
 เขตเลือกตั้ง","เขต
 เลือกตั้งที่","ท้องที่ที่ประกอบ
 เป็นเขตเลือกตั้ง",,1
,,,,,"๓. อำเภอชานุมาน
 ๔. อำเภอเสนางคนิคม
 ๕. อำเภอพนา",,1
๑๘,อุตรดิตถ์,๒,๒,"๑
 
 
 ๒","๑. อำเภอเมืองอุตรดิตถ์
 ๒. อำเภอตรอน
 ๓. อำเภอลับแล
 ๑. อำเภอพิชัย
 ๒. อำเภอทองแสนขัน
 ๓. อำเภอท่าปลา
 ๔. อำเภอน้ำปาด
 ๕. อำเภอฟากท่า
 ๖. อำเภอบ้านโคก",,1
๑๙,อุทัยธานี,๒,๒,"๑
 
 
 
 
 
 
 
 ๒","๑. อำเภอเมืองอุทัยธานี
 ๒. อำเภอหนองขาหย่าง
 ๓. อำเภอทัพทัน
 ๔. อำเภอสว่างอารมณ์
 ๕. อำเภอหนองฉาง
 (ยกเว้นตำบลทุ่งโพ ตำบลเขากวางทอง และตำบลเขาบางแกรก)
 ๑. อำเภอลานสัก
 ๒. อำเภอห้วยคต
 ๓. อำเภอบ้านไร่
 ๔. อำเภอหนองฉาง
 (เฉพาะตำบลทุ่งโพ ตำบลเขากวางทอง และตำบลเขาบางแกรก)",,1
๒๐,จันทบุรี,๓,๓,"๑
 
 ๒","๑. อำเภอเมืองจันทบุรี
 ๒. อำเภอแหลมสิงห์
 ๑. อำเภอท่าใหม่
 ๒. อำเภอนายายอาม",,1
,,,,,,,0
หนา ๑๑,,,,,,,0
,,,,,,,0
ลำดับ ที่,จังหวัด,"จำนวน
 สมาชิกสภา ผู้แทนราษฎร","จำนวน
 เขตเลือกตั้ง","เขต
 เลือกตั้งที่","ท้องที่ที่ประกอบ
 เป็นเขตเลือกตั้ง",,1
,,,,๓,"๓. อำเภอแก่งหางแมว
 ๔. อำเภอเขาคิชฌกูฏ
 ๑. อำเภอโป่งน้ำร้อน
 ๒. อำเภอขลุง
 ๓. อำเภอมะขาม
 ๔. อำเภอสอยดาว",,1
๒๑,ชุมพร,๓,๓,"๑
 
 
 
 
 
 
 
 
 ๒
 
 
 
 
 
 
 
 ๓","๑. อำเภอเมืองชุมพร (ยกเว้นตำบลวังใหม่ ตำบลบ้านนา ตำบลหาดพันไกร ตำบลบางลึก และตำบลถ้ำสิงห์)
 ๒. อำเภอสวี
 (ยกเว้นตำบลเขาทะลุ และตำบลเขาค่าย)
 ๑. อำเภอเมืองชุมพร (เฉพาะตำบลวังใหม่ ตำบลบ้านนา ตำบลหาดพันไกร ตำบลบางลึก และตำบลถ้ำสิงห์)
 ๒. อำเภอท่าแซะ
 ๓. อำเภอปะทิว
 ๑. อำเภอสวี
 (เฉพาะตำบลเขาทะลุ และตำบลเขาค่าย)
 ๒. อำเภอหลังสวน
 ๓. อำเภอละแม
 ๔. อำเภอพะโต๊ะ
 ๕. อำเภอทุ่งตะโก",,1
,,,,,,,0
หนา ๑๒,,,,,,,0
,,,,,,,0
ลำดับ ที่,จังหวัด,"จำนวน
 สมาชิกสภา ผู้แทนราษฎร","จำนวน
 เขตเลือกตั้ง","เขต
 เลือกตั้งที่","ท้องที่ที่ประกอบ
 เป็นเขตเลือกตั้ง",,1
๒๒,ตรัง,๓,๓,"๑
 
 
 
 
 ๒
 
 
 
 
 
 ๓","๑. อำเภอเมืองตรัง
 ๒. อำเภอนาโยง
 ๓. อำเภอย่านตาขาว (เฉพาะตำบลนาชุมเห็ด และตำบลโพรงจระเข้)
 ๑. อำเภอห้วยยอด
 ๒. อำเภอรัษฎา
 ๓. อำเภอวังวิเศษ
 ๔. อำเภอสิเกา
 ๕. อำเภอกันตัง
 (เฉพาะตำบลโคกยาง)
 ๑. อำเภอกันตัง
 (ยกเว้นตา บลโคกยาง)
 ๒. อำเภอปะเหลียน
 ๓. อำเภอหาดสำราญ
 ๔. อำเภอย่านตาขาว (ยกเว้นตำบลนาชุมเห็ด และตำบลโพรงจระเข้)",,1
๒๓,ตาก,๓,๓,"๑
 
 
 
 
 
 ๒","๑. อำเภอเมืองตาก
 ๒. อำเภอบ้านตาก
 (ยกเว้นตำบลท้องฟ้า
 และตำบลเกาะตะเภา)
 ๓. อำเภอวังเจ้า
 ๔. อำเภอสามเงา
 ๑. อำเภอแม่สอด (ยกเว้นตำบลแม่กาษา ตำบลท่าสายลวด และตำบลแม่ปะ) ๒. อำเภอพบพระ
 ๓. อำเภออุ้มผาง",,1
,,,,,,,0
หนา ๑๓,,,,,,,0
,,,,,,,0
ลำดับ ที่,จังหวัด,"จำนวน
 สมาชิกสภา ผู้แทนราษฎร","จำนวน
 เขตเลือกตั้ง","เขต
 เลือกตั้งที่","ท้องที่ที่ประกอบ
 เป็นเขตเลือกตั้ง",,1
,,,,๓,"๑. อำเภอแม่สอด (เฉพาะตำบลแม่กาษา ตำบลท่าสายลวด และตำบลแม่ปะ) ๒. อำเภอแม่ระมาด
 ๓. อำเภอท่าสองยาง
 ๔. อำเภอบ้านตาก
 (เฉพาะตำบลท้องฟ้า และตำบลเกาะตะเภา)",,1
๒๔,น่าน,๓,๓,"๑
 
 
 ๒
 
 
 
 
 
 ๓","๑. อำเภอเมืองน่าน
 ๒. อำเภอภูเพียง
 ๓. อำเภอท่าวังผา
 ๑. อำเภอเวียงสา ๒. อำเภอนาน้อย
 ๓. อำเภอนาหมื่น
 ๔. อำเภอแม่จริม
 ๕. อำเภอบ้านหลวง
 ๖. อำเภอสันติสุข
 ๑. อำเภอปัว
 ๒. อำเภอเชียงกลาง
 ๓. อำเภอสองแคว ๔. อำเภอบ่อเกลือ
 ๕. อำเภอเฉลิมพระเกียรติ
 ๖. อำเภอทุ่งช้าง",,1
๒๕,ประจวบคีรีขันธ์,๓,๓,"๑
 
 
 ๒","๑. อำเภอเมืองประจวบคีรีขันธ์
 ๒. อำเภอกุยบุรี
 ๓. อำเภอสามร้อยยอด
 ๑. อำเภอหัวหิน
 ๒. อำเภอปราณบุรี",,1
,,,,,,,0
หนา ๑๔,,,,,,,0
,,,,,,,0
ลำดับ ที่,จังหวัด,"จำนวน
 สมาชิกสภา ผู้แทนราษฎร","จำนวน
 เขตเลือกตั้ง","เขต
 เลือกตั้งที่","ท้องที่ที่ประกอบ
 เป็นเขตเลือกตั้ง",,1
,,,,๓,"๑. อำเภอทับสะแก
 ๒. อำเภอบางสะพาน
 ๓. อำเภอบางสะพานน้อย",,1
๒6,ปราจีนบุรี,๓,๓,"๑
 
 
 ๒
 
 
 
 
 
 
 
 ๓","๑. อำเภอเมืองปราจีนบุรี
 ๒. อำเภอบ้านสร้าง
 ๓. อำเภอศรีมโหสถ
 ๑. อำเภอศรีมหาโพธิ
 ๒. อำเภอประจันตคาม
 ๓. อำเภอกบินทร์บุรี
 (เฉพาะตำบลลาดตะเคียน ตำบลหาดนางแก้ว ตำบลวังดาล
 ตำบลนนทรี และตำบลนาแขม)
 ๑. อำเภอนาดี
 ๒. อำเภอกบินทร์บุรี
 (ยกเว้นตำบลลาดตะเคียน ตำบลหาดนางแก้ว ตำบลวังดาล ตำบลนนทรี และตำบลนาแขม)",,1
๒7,พะเยา,๓,๓,"๑
 
 ๒
 
 
 ๓","๑. อำเภอเมืองพะเยา
 ๒. อำเภอแม่ใจ
 ๑. อำเภอเชียงคำ
 ๒. อำเภอจุน
 ๓. อำเภอภูซาง
 ๑. อำเภอดอกคำใต้
 ๒. อำเภอภูกามยาว
 ๓. อำเภอปง
 ๔. อำเภอเชียงม่วน",,1
,,,,,,,0
หนา ๑๕,,,,,,,0
,,,,,,,0
ลำดับ ที่,จังหวัด,"จำนวน
 สมาชิกสภา ผู้แทนราษฎร","จำนวน
 เขตเลือกตั้ง","เขต
 เลือกตั้งที่","ท้องที่ที่ประกอบ
 เป็นเขตเลือกตั้ง",,1
๒8,พัทลุง,๓,๓,"๑
 
 ๒
 
 
 
 ๓","๑. อำเภอเมืองพัทลุง
 ๒. อำเภอเขาชัยสน
 ๑. อำเภอควนขนุน
 ๒. อำเภอป่าพะยอม
 ๓. อำเภอศรีบรรพต
 ๔. อำเภอศรีนครินทร์
 ๑. อำเภอปากพะยูน
 ๒. อำเภอป่าบอน
 ๓. อำเภอกงหรา
 ๔. อำเภอตะโหมด
 ๕. อำเภอบางแก้ว",,1
๒9,พิจิตร,๓,๓,"๑
 
 
 ๒
 
 
 
 
 ๓","๑. อำเภอเมืองพิจิตร
 ๒. อำเภอสามง่าม
 ๓. อำเภอวชิรบารมี
 ๑. อำเภอตะพานหิน
 ๒. อำเภอทับคล้อ
 ๓. อำเภอดงเจริญ
 ๔. อำเภอวังทรายพูน
 ๕. อำเภอสากเหล็ก
 ๑. อำเภอโพทะเล
 ๒. อำเภอบางมูลนาก
 ๓. อำเภอบึงนาราง
 ๔. อำเภอโพธิ์ประทับช้าง",,1
30,เพชรบุรี,๓,๓,"๑
 
 
 
 
 ๒","๑. อำเภอเมืองเพชรบุรี
 ๒. อำเภอบ้านแหลม (ยกเว้นตำบลบ้านแหลม ตำบลบางตะบูน
 และตำบลบางตะบูนออก)
 ๑. อำเภอชะอำ
 ๒. อำเภอท่ายาง",,1
,,,,,,,0
หนา ๑๖,,,,,,,0
,,,,,,,0
ลำดับ ที่,จังหวัด,"จำนวน
 สมาชิกสภา ผู้แทนราษฎร","จำนวน
 เขตเลือกตั้ง","เขต
 เลือกตั้งที่","ท้องที่ที่ประกอบ
 เป็นเขตเลือกตั้ง",,1
,,,,๓,"๑. อำเภอเขาย้อย
 ๒. อำเภอบ้านลาด
 ๓. อำเภอหนองหญ้าปล้อง
 ๔. อำเภอแก่งกระจาน
 ๕. อำเภอบ้านแหลม (เฉพาะตำบลบ้านแหลม ตำบลบางตะบูน และตำบลบางตะบูนออก)",,1
๓1,ยโสธร,๓,๓,"๑
 
 
 
 
 
 
 ๒
 
 
 
 
 
 
 
 
 
 ๓","๑. อำเภอเมืองยโสธร
 ๒. อำเภอทรายมูล
 ๓. อำเภอป่าติ้ว
 (เฉพาะตำบลศรีฐาน และตำบลกระจาย)
 ๔. อำเภอคำเขื่อนแก้ว
 (เฉพาะตำบลทุ่งมน)
 ๑. อำเภอคำเขื่อนแก้ว
 (ยกเว้นตำบลทุ่งมน)
 ๒. อำเภอมหาชนะชัย
 ๓. อำเภอค้อวัง
 ๔. อำเภอป่าติ้ว
 (ยกเว้นตำบลศรีฐาน และตำบลกระจาย)
 ๕. อำเภอไทยเจริญ (เฉพาะตำบลน้ำคำ และตำบลคำไผ่) ๑. อำเภอเลิงนกทา
 ๒. อำเภอกุดชุม
 ๓. อำเภอไทยเจริญ (ยกเว้นตำบลน้ำคำ และตำบลคำไผ่)",,1
,,,,,,,0
หนา ๑๗,,,,,,,0
,,,,,,,0
ลำดับ ที่,จังหวัด,"จำนวน
 สมาชิกสภา ผู้แทนราษฎร","จำนวน
 เขตเลือกตั้ง","เขต
 เลือกตั้งที่","ท้องที่ที่ประกอบ
 เป็นเขตเลือกตั้ง",,1
๓2,ยะลา,๓,๓,"๑
 
 
 
 
 
 
 
 ๒
 
 
 
 
 
 
 
 
 ๓","๑. อำเภอเมืองยะลา (ยกเว้นตำบลบุดี ตำบลเปาะเส้ง และตำบลบันนังสาเรง) ๒. อำเภอยะหา (เฉพาะตำบลยะหา ตำบลตาชี และตำบลบาโงยซิแน)
 ๑. อำเภอเมืองยะลา (เฉพาะตำบลบุดี ตำบลเปาะเส้ง และตำบลบันนังสาเรง)
 ๒. อำเภอรามัน
 ๓. อำเภอยะหา (ยกเว้นตำบลยะหา ตำบลตาชี และตำบลบาโงยซิแน)
 ๔. อำเภอกาบัง
 ๑. อำเภอกรงปินัง
 ๒. อำเภอบันนังสตา
 ๓. อำเภอธารโต
 ๔. อำเภอเบตง",,1
๓3,เลย,๓,๓,"๑
 
 
 
 
 
 2","๑. อำเภอเมืองเลย
 ๒. อำเภอปากชม
 ๓. อำเภอนาด้วง
 ๔. อำเภอเอราวัณ (เฉพาะตำบลเอราวัณ และตำบลผาอินทร์แปลง)
 ๑. อำเภอหนองหิน
 ๒. อำเภอภูหลวง
 ๓. อำเภอภูกระดึง",,1
,,,,,,,0
หนา ๑๘,,,,,,,0
,,,,,,,0
ลำดับ ที่,จังหวัด,"จำนวน
 สมาชิกสภา ผู้แทนราษฎร","จำนวน
 เขตเลือกตั้ง","เขต
 เลือกตั้งที่","ท้องที่ที่ประกอบ
 เป็นเขตเลือกตั้ง",,1
,,,,๓,"๔. อำเภอผาขาว
 ๕. อำเภอวังสะพุง (เฉพาะตำบลวังสะพุง ตำบลหนองหญ้าปล้อง ตำบลผาน้อย ตำบลผาบิ้ง ตำบลโคกขมิ้น และตำบลศรีสงคราม) ๖. อำเภอเอราวัณ (ยกเว้นตำบลเอราวัณ และตำบลผาอินทร์แปลง)
 ๑. อำเภอนาแห้ว
 ๒. อำเภอด่านซ้าย
 ๓. อำเภอภูเรือ
 ๔. อำเภอท่าลี่
 ๕. อำเภอเชียงคาน
 ๖. อำเภอวังสะพุง
 (ยกเว้นตำบลวังสะพุง ตำบลหนองหญ้าปล้อง ตำบลผาน้อย ตำบลผาบิ้ง ตำบลโคกขมิ้น และตำบลศรีสงคราม)",,1
๓4,สมุทรสาคร,๓,๓,๑,อำเภอเมืองสมุทรสาคร (เฉพาะตำบลมหาชัย ตำบลท่าฉลอม ตำบลโกรกกราก ตำบลบางหญ้าแพรก ตำบลท่าทราย ตำบลคอกกระบือ ตำบลโคกขาม ตำบลพันท้ายนรสิงห์ และตำบลบางน้ำจืด),,1
,,,,,,,0
หนา ๑๙,,,,,,,0
,,,,,,,0
ลำดับ ที่,จังหวัด,"จำนวน
 สมาชิกสภา ผู้แทนราษฎร","จำนวน
 เขตเลือกตั้ง","เขต
 เลือกตั้งที่","ท้องที่ที่ประกอบ
 เป็นเขตเลือกตั้ง",,1
,,,,"2
 
 
 
 
 
 
 
 
 
 3","๑. อำเภอเมืองสมุทรสาคร
 (เฉพาะตำบลนาดี)
 ๒. อำเภอกระทุ่มแบน (เฉพาะตำบลอ้อมน้อย ตำบลสวนหลวง ตำบลตลาดกระทุ่มแบน ตำบลดอนไก่ดี ตำบลท่าไม้ ตำบลแคราย และตำบลคลองมะเดื่อ) ๑. อำเภอเมืองสมุทรสาคร (เฉพาะตำบลนาโคก ตำบลกาหลง ตำบลบางโทรัด ตำบลบ้านบ่อ ตำบลชัยมงคล ตำบลบางกระเจ้า ตำบลบ้านเกาะ และตำบลท่าจีน) ๒. อำเภอกระทุ่มแบน (ยกเว้นตำบลอ้อมน้อย ตำบลสวนหลวง ตำบลตลาดกระทุ่มแบน ตำบลดอนไก่ดี ตำบลท่าไม้ ตำบลแคราย
 และตำบลคลองมะเดื่อ)
 ๓. อำเภอบ้านแพ้ว",,1
35,สระแก้ว,3,3,1,"๑. อำเภอเมืองสระแก้ว
 ๒. อำเภอเขาฉกรรจ์
 ๓. อำเภอวังน้ำเย็น",,1
,,,,,,,0
หนา ๒๐,,,,,,,0
,,,,,,,0
ลำดับ ที่,จังหวัด,"จำนวน
 สมาชิกสภา ผู้แทนราษฎร","จำนวน
 เขตเลือกตั้ง","เขต
 เลือกตั้งที่","ท้องที่ที่ประกอบ
 เป็นเขตเลือกตั้ง",,1
,,,,"2
 
 
 
 
 
 
 3","(เฉพาะตำบลทุ่งมหาเจริญ)
 ๑. อำเภอวัฒนานคร (ยกเว้นตำบลช่องกุ่ม และตำบลแซร์ออ)
 ๒. อำเภอวังน้ำเย็น
 (ยกเว้นตำบลทุ่งมหาเจริญ)
 ๓. อำเภอคลองหาด
 ๔. อำเภอวังสมบูรณ์
 ๑. อำเภออรัญประเทศ
 ๒. อำเภอตาพระยา
 ๓. อำเภอโคกสูง
 ๔. อำเภอวัฒนานคร (เฉพาะตำบลช่องกุ่ม และตำบลแซร์ออ)",,1
36,สระบุรี,3,3,"1
 
 
 2
 
 
 
 3","๑. อำเภอเมืองสระบุรี
 ๒. อำเภอเฉลิมพระเกียรติ
 ๓. อำเภอพระพุทธบาท
 ๑. อำเภอแก่งคอย
 ๒. อำเภอวิหารแดง
 ๓. อำเภอมวกเหล็ก
 ๔. อำเภอวังม่วง
 ๑. อำเภอหนองแค
 ๒. อำเภอหนองแซง
 ๓. อำเภอเสาไห้
 ๔. อำเภอบ้านหมอ
 ๕. อำเภอหนองโดน
 ๖. อำเภอดอนพุด",,1
37,สุโขทัย,3,3,1,"๑. อำเภอเมืองสุโขทัย
 ๒. อำเภอศรีสำโรง
 ๓. อำเภอกงไกรลาศ
 (เฉพาะตำบลไกรกลาง",,1
,,,,,,,0
หนา ๒๑,,,,,,,0
,,,,,,,0
ลำดับ ที่,จังหวัด,"จำนวน
 สมาชิกสภา ผู้แทนราษฎร","จำนวน
 เขตเลือกตั้ง","เขต
 เลือกตั้งที่","ท้องที่ที่ประกอบ
 เป็นเขตเลือกตั้ง",,1
,,,,"2
 
 
 
 
 
 
 
 3","ตำบลไกรใน ตำบลกกแรต
 และตำบลบ้านใหม่สุขเกษม)
 ๑. อำเภอทุ่งเสลี่ยม
 ๒. อำเภอบ้านด่านลานหอย
 ๓. อำเภอคีรีมาศ
 ๔. อำเภอกงไกรลาศ (ยกเว้นตำบลไกรกลาง ตำบลไกรใน ตำบลกกแรต
 และตำบลบ้านใหม่สุขเกษม)
 ๑. อำเภอศรีสัชนาลัย
 ๒. อำเภอศรีนคร
 ๓. อำเภอสวรรคโลก",,1
38,หนองคาย,3,3,"1
 
 
 
 
 
 
 
 2
 
 
 
 
 
 3","๑. อำเภอเมืองหนองคาย (ยกเว้นตำบลพระธาตุบังพวน และตำบลเวียงคุก) ๒. อำเภอสระใคร
 ๓. อำเภอโพนพิสัย (เฉพาะตำบลเหล่าต่างคำ ตำบลทุ่งหลวง และตำบลสร้างนางขาว)
 ๑. อำเภอโพนพิสัย
 (ยกเว้นตำบลเหล่าต่างคำ
 ตำบลทุ่งหลวง และตำบลสร้างนางขาว)
 ๒. อำเภอรัตนวาปี
 ๓. อำเภอเฝ้าไร่
 ๑. อำเภอเมืองหนองคาย (เฉพาะตำบลพระธาตุบังพวน
 และตำบลเวียงคุก)",,1
,,,,,,,0
หนา ๒๒,,,,,,,0
,,,,,,,0
ลำดับ ที่,จังหวัด,"จำนวน
 สมาชิกสภา ผู้แทนราษฎร","จำนวน
 เขตเลือกตั้ง","เขต
 เลือกตั้งที่","ท้องที่ที่ประกอบ
 เป็นเขตเลือกตั้ง",,1
,,,,,"๒. อำเภอท่าบ่อ
 ๓. อำเภอศรีเชียงใหม่
 ๔. อำเภอโพธิ์ตาก
 ๕. อำเภอสังคม",,1
39,หนองบัวลำภู,3,3,"1
 
 
 
 
 
 
 ๒
 
 
 
 
 
 
 
 
 ๓","๑. อำเภอเมืองหนองบัวลำภู
 ๒. อำเภอโนนสัง (เฉพาะตำบลกุดดู่ ตา บลโนนสัง ตำบลบ้านค้อ ตำบลบ้านถิ่น และตำบลปางกู่)
 ๑. อำเภอศรีบุญเรือง
 ๒. อำเภอนาวัง
 (ยกเว้นตำบลวังปลาป้อม)
 ๓. อำเภอโนนสัง (ยกเว้นตำบลกุดดู่ ตา บลโนนสัง ตำบลบ้านค้อ ตำบลบ้านถิ่น และตำบลปางกู่) ๑. อำเภอนากลาง
 ๒. อำเภอสุวรรณคูหา
 ๓. อำเภอนาวัง
 (เฉพาะตำบลวังปลาป้อม)",,1
40,กำแพงเพชร,4,4,1,อำเภอเมืองกำแพงเพชร (เฉพาะตำบลในเมือง ตำบลหนองปลิง ตำบลอ่างทอง ตำบลเทพนคร ตำบลนครชุม,,1
,,,,,,,0
หนา ๒๓,,,,,,,0
,,,,,,,0
ลำดับ ที่,จังหวัด,"จำนวน
 สมาชิกสภา ผู้แทนราษฎร","จำนวน
 เขตเลือกตั้ง","เขต
 เลือกตั้งที่","ท้องที่ที่ประกอบ
 เป็นเขตเลือกตั้ง",,1
,,,,"2
 
 
 
 
 
 
 
 
 
 3
 
 
 
 
 4","ตำบลคลองแม่ลาย ตำบลธำมรงค์ ตำบลนิคมทุ่งโพธิ์ทะเล
 ตำบลวังทอง ตำบลลานดอกไม้ ตำบลคณฑี ตำบลท่าขุนราม ตำบลนาบ่อคำ และตำบลทรงธรรม) ๑. อำเภอพรานกระต่าย
 ๒. อำเภอลานกระบือ ๓. อำเภอโกสัมพีนคร
 ๔. อำเภอไทรงาม (เฉพาะตำบลมหาชัย ตำบลพานทอง ตำบลหนองคล้า และตำบลหนองทอง)
 ๕. อำเภอเมืองกำแพงเพชร
 (เฉพาะตำบลสระแก้ว)
 ๑. อำเภอคลองขลุง
 ๒. อำเภอคลองลาน
 ๓. อำเภอปางศิลาทอง
 ๔. อำเภอเมืองกำแพงเพชร
 (เฉพาะตำบลไตรตรึงษ์)
 ๑. อำเภอขาณุวรลักษบุรี
 ๒. อำเภอบึงสามัคคี
 ๓. อำเภอทรายทองวัฒนา
 ๔. อำเภอไทรงาม",,1
,,,,,,,0
หนา ๒๔,,,,,,,0
,,,,,,,0
ลำดับ ที่,จังหวัด,"จำนวน
 สมาชิกสภา ผู้แทนราษฎร","จำนวน
 เขตเลือกตั้ง","เขต
 เลือกตั้งที่","ท้องที่ที่ประกอบ
 เป็นเขตเลือกตั้ง",,1
,,,,,(ยกเว้นตำบลมหาชัย ตำบลพานทอง ตำบลหนองคล้า และตำบลหนองทอง),,1
41,ฉะเชิงเทรา,4,4,"1
 
 
 
 2
 
 
 
 
 
 
 
 
 
 3
 
 
 
 
 
 4","๑. อำเภอเมืองฉะเชิงเทรา
 ๒. อำเภอบางน้ำเปรี้ยว (เฉพาะตำบลศาลาแดง และตำบลโพรงอากาศ) ๑. อำเภอพนมสารคาม (เฉพาะตำบลเขาหินซ้อน ตำบลหนองยาว และตำบลบ้านซ่อง) ๒. อำเภอบางคล้า
 ๓. อำเภอคลองเขื่อน
 ๔. อำเภอราชสาส์น
 ๕. อำเภอบางน้ำเปรี้ยว
 (ยกเว้นตำบลศาลาแดง และตำบลโพรงอากาศ)
 ๑. อำเภอท่าตะเกียบ
 ๒. อำเภอสนามชัยเขต
 ๓. อำเภอพนมสารคาม (ยกเว้นตำบลเขาหินซ้อน ตำบลหนองยาว และตำบลบ้านซ่อง)
 ๑. อำเภอบ้านโพธิ์
 ๒. อำเภอบางปะกง
 ๓. อำเภอแปลงยาว",,1
42,นครพนม,4,4,๑,"๑. อำเภอศรีสงคราม
 ๒. อำเภอนาหว้า
 ๓. อำเภอบ้านแพง
 ๔. อำเภอนาทม",,1
,,,,,,,0
หนา ๒๕,,,,,,,0
,,,,,,,0
ลำดับ ที่,จังหวัด,"จำนวน
 สมาชิกสภา ผู้แทนราษฎร","จำนวน
 เขตเลือกตั้ง","เขต
 เลือกตั้งที่","ท้องที่ที่ประกอบ
 เป็นเขตเลือกตั้ง",,1
,,,,"๒
 
 
 
 
 
 
 
 ๓
 
 
 
 
 
 
 
 
 ๔","๑. อำเภอท่าอุเทน
 ๒. อำเภอโพนสวรรค์
 ๓. อำเภอเมืองนครพนม (เฉพาะเทศบาลเมือง นครพนม ตำบลท่าค้อ ตำบลนาราชควาย ตำบลหนองญาติ และตำบลอาจสามารถ)
 ๑. อำเภอธาตุพนม
 ๒. อำเภอเรณูนคร
 ๓. อำเภอเมืองนครพนม (เฉพาะตำบลขามเฒ่า ตำบลคำเตย ตำบลนาทราย ตำบลดงขวาง ตำบลบ้านกลาง และตำบลโพธิ์ตาก) ๑. อำเภอนาแก
 ๒. อำเภอปลาปาก
 ๓. อำเภอวังยาง
 ๔. อำเภอเมืองนครพนม (เฉพาะตำบลกุรุคุ ตำบลบ้านผึ้ง ตำบลวังตามัว)",,1
43,นราธิวาส,4,4,"1
 
 2
 
 
 3","๑. อำเภอเมืองนราธิวาส
 ๒. อำเภอตากใบ
 ๑. อำเภอสุไหงโก-ลก
 ๒. อำเภอแว้ง
 ๓. อำเภอสุไหงปาดี
 ๑. อำเภอระแงะ
 ๒. อำเภอจะแนะ",,1
,,,,,,,0
หนา ๒๖,,,,,,,0
,,,,,,,0
ลำดับ ที่,จังหวัด,"จำนวน
 สมาชิกสภา ผู้แทนราษฎร","จำนวน
 เขตเลือกตั้ง","เขต
 เลือกตั้งที่","ท้องที่ที่ประกอบ
 เป็นเขตเลือกตั้ง",,1
,,,,4,"๓. อำเภอเจาะไอร้อง
 ๔. อำเภอสุคิริน
 ๑. อำเภอบาเจาะ
 ๒. อำเภอยี่งอ
 ๓. อำเภอรือเสาะ
 ๔. อำเภอศรีสาคร",,1
44,ปัตตานี,4,4,"1
 
 
 
 
 
 
 
 
 
 
 
 ๒
 
 
 3","๑. อำเภอเมืองปัตตานี
 ๒. อำเภอยะหริ่ง
 (เฉพาะตำบลบางปู ตำบลแหลมโพธิ์ ตำบลตะโละกาโปร์ ตำบลยามู ตำบลราตาปันยัง ตำบลตาแกะ
 ตำบลปิยามุมัง ตำบลตะโละ ตำบลตาลีอายร์ และตำบลปุลากง)
 ๑. อำเภอหนองจิก
 ๒. อำเภอโคกโพธิ์
 ๓. อำเภอแม่ลาน
 ๑. อำเภอปะนาเระ
 ๒. อำเภอสายบุรี
 ๓. อำเภอไม้แก่น
 ๔. อำเภอกะพ้อ
 ๕. อำเภอยะหริ่ง
 (ยกเว้นตำบลบางปู ตำบลแหลมโพธิ์ ตำบลตะโละกาโปร์ ตำบลยามู ตำบลราตาปันยัง",,1
,,,,,,,0
หนา ๒๗,,,,,,,0
,,,,,,,0
ลำดับ ที่,จังหวัด,"จำนวน
 สมาชิกสภา ผู้แทนราษฎร","จำนวน
 เขตเลือกตั้ง","เขต
 เลือกตั้งที่","ท้องที่ที่ประกอบ
 เป็นเขตเลือกตั้ง",,1
,,,,4,"ตำบลตาแกะ ตำบลปิยามุมัง ตำบลตะโละ ตำบลตาลีอายร์ และตำบลปุลากง)
 ๑. อำเภอยะรัง
 ๒. อำเภอมายอ
 ๓. อำเภอทุ่งยางแดง",,1
45,พระนครศรีอยุธยา,4,4,"1
 
 2
 
 
 
 
 
 3
 
 
 4","๑. อำเภอพระนครศรีอยุธยา
 ๒. อำเภออุทัย
 ๑. อำเภอบางปะหัน
 ๒. อำเภอมหาราช
 ๓. อำเภอท่าเรือ
 ๔. อำเภอนครหลวง
 ๕. อำเภอภาชี
 ๖. อำเภอบ้านแพรก
 ๑. อำเภอบางปะอิน
 ๒. อำเภอบางไทร
 ๓. อำเภอวังน้อย
 ๑. อำเภอเสนา
 ๒. อำเภอบางซ้าย
 ๓. อำเภอผักไห่
 ๔. อำเภอบางบาล
 ๕. อำเภอลาดบัวหลวง",,1
46,ระยอง,4,4,"1
 
 
 
 
 2","อำเภอเมืองระยอง (ยกเว้นเทศบาลเมือง มาบตาพุด เทศบาลตำบลทับมา และเทศบาลตำบลเนินพระ)
 ๑. อำเภอแกลง
 ๒. อำเภอวังจันทร์",,1
,,,,,,,0
หนา ๒๘,,,,,,,0
,,,,,,,0
ลำดับ ที่,จังหวัด,"จำนวน
 สมาชิกสภา ผู้แทนราษฎร","จำนวน
 เขตเลือกตั้ง","เขต
 เลือกตั้งที่","ท้องที่ที่ประกอบ
 เป็นเขตเลือกตั้ง",,1
,,,,"3
 
 
 4","๓. อำเภอเขาชะเมา
 ๑. อำเภอบ้านค่าย
 ๒. อำเภอปลวกแดง
 ๓. อำเภอนิคมพัฒนา
 ๑. อำเภอเมืองระยอง (เฉพาะเทศบาลเมือง มาบตาพุด เทศบาลตำบลทับมา และเทศบาลตำบลเนินพระ) ๒. อำเภอบ้านฉาง",,1
47,ลพบุรี,4,4,"1
 
 
 
 
 
 
 
 
 
 
 
 2","อำเภอเมืองลพบุรี
 (เฉพาะตำบลเขาสามยอด
 ตำบลท่าหิน ตำบลทะเลชุบศร ตำบลเขาพระงาม ตำบลท่าศาลา ตำบลโคกตูม ตำบลนิคมสร้างตนเอง ตำบลถนนใหญ่ ตำบลกกโก ตำบลป่าตาล และตำบลท่าแค) ๑. อำเภอเมืองลพบุรี
 (ยกเว้นตำบลเขาสามยอด ตำบลท่าหิน ตำบลทะเลชุบศร ตำบลเขาพระงาม ตำบลท่าศาลา ตำบลโคกตูม ตำบลนิคมสร้างตนเอง ตำบลถนนใหญ่",,1
,,,,,,,0
หนา ๒๙,,,,,,,0
,,,,,,,0
ลำดับ ที่,จังหวัด,"จำนวน
 สมาชิกสภา ผู้แทนราษฎร","จำนวน
 เขตเลือกตั้ง","เขต
 เลือกตั้งที่","ท้องที่ที่ประกอบ
 เป็นเขตเลือกตั้ง",,1
,,,,"3
 
 
 4","ตำบลกกโก ตำบลป่าตาล
 และตำบลท่าแค)
 ๒. อำเภอท่าวุ้ง
 ๓. อำเภอบ้านหมี่
 ๑. อำเภอโคกสำโรง ๒. อำเภอหนองม่วง
 ๓. อำเภอพัฒนานิคม
 ๑. อำเภอชัยบาดาล
 ๒. อำเภอท่าหลวง
 ๓. อำเภอลำสนธิ
 ๔. อำเภอสระโบสถ์
 ๕. อำเภอโคกเจริญ",,1
48,ลำปาง,4,4,"1
 
 
 
 
 
 
 2
 
 
 
 3","๑. อำเภอเมืองลำปาง (ยกเว้นเทศบาลเมือง เขลางค์นคร ตำบลพิชัยนอกเขต เทศบาลนครลำปาง และตำบลบ้านเสด็จ)
 ๒. อำเภอห้างฉัตร
 ๑. อำเภองาว
 ๒. อำเภอวังเหนือ
 ๓. อำเภอแจ้ห่ม
 ๔. อำเภอเมืองปาน
 ๑. อำเภอเมืองลำปาง (เฉพาะเทศบาลเมือง เขลางค์นคร ตำบลพิชัยนอกเขต เทศบาลนครลำปาง และตำบลบ้านเสด็จ)",,1
,,,,,,,0
หนา ๓๐,,,,,,,0
,,,,,,,0
ลำดับ ที่,จังหวัด,"จำนวน
 สมาชิกสภา ผู้แทนราษฎร","จำนวน
 เขตเลือกตั้ง","เขต
 เลือกตั้งที่","ท้องที่ที่ประกอบ
 เป็นเขตเลือกตั้ง",,1
,,,,4,"๒. อำเภอแม่เมาะ
 ๓. อำเภอแม่ทะ
 ๑. อำเภอเกาะคา
 ๒. อำเภอเสริมงาม ๓. อำเภอสบปราบ
 ๔. อำเภอเถิน
 ๕. อำเภอแม่พริก",,1
49,สุพรรณบุรี,4,4,"1
 
 
 
 
 
 
 
 
 2
 
 
 
 
 
 
 .","๑. อำเภอเมืองสุพรรณบุรี
 ๒. อำเภอบางปลาม้า (เฉพาะตำบลจรเข้ใหญ่ ตำบลโคกคราม ตำบลบางปลาม้า ตำบลองครักษ์ ตำบลตะค่า ตำบลวัดดาว ตำบลบ้านแหลม และตำบลไผ่กองดิน) ๑. อำเภอบางปลาม้า (ยกเว้นตำบลจรเข้ใหญ่ ตำบลโคกคราม ตำบลบางปลาม้า ตำบลองครักษ์ ตำบลตะค่า ตำบลวัดดาว ตำบลบ้านแหลม และตำบลไผ่กองดิน)
 ๒. อำเภอสองพี่น้อง
 ๓. อำเภออู่ทอง
 (เฉพาะตำบลเจดีย์ ตำบลกระจัน",,1
,,,,,,,0
หนา ๓๑,,,,,,,0
,,,,,,,0
ลำดับ ที่,จังหวัด,"จำนวน
 สมาชิกสภา ผู้แทนราษฎร","จำนวน
 เขตเลือกตั้ง","เขต
 เลือกตั้งที่","ท้องที่ที่ประกอบ
 เป็นเขตเลือกตั้ง",,1
,,,,"3
 
 
 
 
 
 
 
 
 
 
 
 
 
 
 ๔","ตำบลจรเข้สามพัน ตำบลยุ้งทะลาย ตำบลบ้านดอน ตำบลสระยายโสม ตำบลดอนมะเกลือ
 และตำบลสระพังลาน)
 ๑. อำเภออู่ทอง (ยกเว้นตำบลเจดีย์ ตำบลกระจัน ตำบลจรเข้สามพัน ตำบลยุ้งทะลาย ตำบลบ้านดอน ตำบลสระยายโสม ตำบลดอนมะเกลือ
 และตำบลสระพังลาน)
 ๒. อำเภอดอนเจดีย์ (เฉพาะตำบลไร่รถ ตำบลดอนเจดีย์ และตำบลหนองสาหร่าย)
 ๓. อำเภอสามชุก
 ๔. อำเภอศรีประจันต์
 ๑. อำเภอด่านช้าง
 ๒. อำเภอเดิมบางนางบวช
 ๓. อำเภอหนองหญ้าไซ
 ๔. อำเภอดอนเจดีย์ (ยกเว้นตำบลไร่รถ ตำบลดอนเจดีย์ และตำบลหนองสาหร่าย)",,1
50,กาญจนบุรี,5,5,"1
 
 ๒","๑. อำเภอเมืองกาญจนบุรี
 ๒. อำเภอศรีสวัสดิ์
 ๑. อำเภอท่าม่วง",,1
,,,,,,,0
หนา ๓๒,,,,,,,0
,,,,,,,0
ลำดับ ที่,จังหวัด,"จำนวน
 สมาชิกสภา ผู้แทนราษฎร","จำนวน
 เขตเลือกตั้ง","เขต
 เลือกตั้งที่","ท้องที่ที่ประกอบ
 เป็นเขตเลือกตั้ง",,1
,,,,"๓
 
 ๔
 
 
 
 ๕","๒. อำเภอด่านมะขามเตี้ย
 ๑. อำเภอท่ามะกา
 ๒. อำเภอพนมทวน
 ๑. อำเภอเลาขวัญ
 ๒. อำเภอห้วยกระเจา
 ๓. อำเภอหนองปรือ
 ๔. อำเภอบ่อพลอย
 ๑. อำเภอทองผาภูมิ
 ๒. อำเภอสังขละบุรี ๓. อำเภอไทรโยค",,1
51,กาฬสินธุ์,5,5,"1
 
 
 
 
 
 ๒
 
 
 
 
 
 ๓
 
 
 
 ๔","๑. อำเภอเมืองกาฬสินธุ์
 ๒. อำเภอร่องคำ
 ๓. อำเภอกมลาไสย
 (เฉพาะตำบลโคกสมบูรณ์ ตำบลดงลิง ตำบลเจ้าท่า และตำบลโพนงาม)
 ๑. อำเภอยางตลาด
 ๒. อำเภอฆ้องชัย
 ๓. อำเภอกมลาไสย (ยกเว้นตำบลโคกสมบูรณ์ ตำบลดงลิง ตำบลเจ้าท่า
 และตำบลโพนงาม)
 ๑. อำเภอหนองกุงศรี
 ๒. อำเภอห้วยเม็ก
 ๓. อำเภอท่าคันโท
 ๔. อำเภอสหัสขันธ์
 ๑. อำเภอสมเด็จ ๒. อำเภอคำม่วง
 ๓. อำเภอนามน
 ๔. อำเภอสามชัย",,1
,,,,,,,0
หนา ๓๓,,,,,,,0
,,,,,,,0
ลำดับ ที่,จังหวัด,"จำนวน
 สมาชิกสภา ผู้แทนราษฎร","จำนวน
 เขตเลือกตั้ง","เขต
 เลือกตั้งที่","ท้องที่ที่ประกอบ
 เป็นเขตเลือกตั้ง",,1
,,,,๕,"๕. อำเภอดอนจาน
 ๑. อำเภอกุฉินารายณ์
 ๒. อำเภอเขาวง
 ๓. อำเภอนาคู
 ๔. อำเภอห้วยผึ้ง",,1
52,นครปฐม,5,5,"1
 
 
 
 
 
 
 
 
 
 
 
 
 
 
 2
 
 
 
 
 
 
 3
 
 
 ๔","อำเภอเมืองนครปฐม (เฉพาะตำบลพระปฐมเจดีย์ ตำบลนครปฐม ตำบลลำพยา ตำบลบ่อพลับ ตำบลหนองปากโลง ตำบลสนามจันทร์ ตำบลห้วยจรเข้ ตำบลโพรงมะเดื่อ ตำบลหนองดินแดง ตำบลสวนป่าน ตำบลสระกะเทียม ตำบลวังตะกู ตำบลวังเย็น ตำบลพระประโทน และตำบลบางแขม) ๑. อำเภอเมืองนครปฐม (เฉพาะตำบลบ้านยาง ตำบลทัพหลวง ตำบลหนองงูเหลือม ตำบลตาก้อง ตำบลทุ่งน้อย และตำบลมาบแค) ๒. อำเภอกำแพงแสน
 ๑. อำเภอบางเลน
 ๒. อำเภอดอนตูม
 ๓. อำเภอพุทธมณฑล
 ๑. อำเภอเมืองนครปฐม",,1
,,,,,,,0
หนา ๓๔,,,,,,,0
,,,,,,,0
ลำดับ ที่,จังหวัด,"จำนวน
 สมาชิกสภา ผู้แทนราษฎร","จำนวน
 เขตเลือกตั้ง","เขต
 เลือกตั้งที่","ท้องที่ที่ประกอบ
 เป็นเขตเลือกตั้ง",,1
,,,,5,"(เฉพาะตำบลดอนยายหอม ตำบลสามควายเผือก ตำบลธรรมศาลา และตำบลถนนขาด)
 ๒. อำเภอนครชัยศรี
 ๓. อำเภอสามพราน (เฉพาะตำบลตลาดจินดา ตำบลคลองจินดา และตำบลบางช้าง) อำเภอสามพราน (ยกเว้นตำบลตลาดจินดา ตำบลคลองจินดา และตำบลบางช้าง)",,1
53,พิษณุโลก,5,5,"1
 
 
 
 
 
 
 
 2","อำเภอเมืองพิษณุโลก (เฉพาะตำบลในเมือง ตำบลอรัญญิก ตำบลวัดจันทร์
 ตำบลบ้านคลอง ตำบลพลายชุมพล ตำบลท่าทอง ตำบลบึงพระ
 ตำบลวัดพริก
 และตำบลวังน้ำคู้)
 ๑. อำเภอพรหมพิราม
 ๒. อำเภอเมืองพิษณุโลก (เฉพาะตำบลไผ่ขอดอน ตำบลจอมทอง ตำบลมะขามสูง ตำบลปากโทก ตำบลบ้านกร่าง ตำบลหัวรอ ตำบลสมอแข ตำบลดอนทอง",,1
,,,,,,,0
หนา ๓๕,,,,,,,0
,,,,,,,0
ลำดับ ที่,จังหวัด,"จำนวน
 สมาชิกสภา ผู้แทนราษฎร","จำนวน
 เขตเลือกตั้ง","เขต
 เลือกตั้งที่","ท้องที่ที่ประกอบ
 เป็นเขตเลือกตั้ง",,1
,,,,"3
 
 4
 
 
 
 
 5","และตำบลบ้านป่า)
 ๑. อำเภอวังทอง
 ๒. อำเภอเนินมะปราง
 ๑. อำเภอบางระกำ
 ๒. อำเภอบางกระทุ่ม
 ๓. อำเภอเมืองพิษณุโลก (เฉพาะตำบลงิ้วงาม และตำบลท่าโพธิ์) ๑. อำเภอนครไทย
 ๒. อำเภอวัดโบสถ์
 ๓. อำเภอชาติตระการ",,1
54,เพชรบูรณ์,5,5,"1
 
 
 
 
 
 
 
 
 
 
 
 
 
 
 
 
 
 2","๑. อำเภอเมืองเพชรบูรณ์ (เฉพาะเทศบาลเมือง เพชรบูรณ์ เทศบาลตำบลนางั่ว เทศบาลตำบลท่าพล ตำบลท่าพล ตำบลสะเดียง ตำบลป่าเลา ตำบลดงมูลเหล็ก ตำบลบ้านโคก และตำบลห้วยใหญ่)
 ๒. อำเภอเขาค้อ
 ๓. อำเภอหล่มสัก (เฉพาะตำบลน้ำชุน ตำบลบุ่งน้ำเต้า ตำบลหนองไขว่ ตำบลน้ำก้อ และตำบลบุ่งคล้า) ๑. อำเภอหล่มเก่า
 ๒. อำเภอน้ำหนาว",,1
,,,,,,,0
หนา ๓๖,,,,,,,0
,,,,,,,0
ลำดับ ที่,จังหวัด,"จำนวน
 สมาชิกสภา ผู้แทนราษฎร","จำนวน
 เขตเลือกตั้ง","เขต
 เลือกตั้งที่","ท้องที่ที่ประกอบ
 เป็นเขตเลือกตั้ง",,1
,,,,"3
 
 
 
 
 
 
 
 
 
 
 
 4
 
 
 
 
 
 5","๓. อำเภอหล่มสัก (ยกเว้นตำบลน้ำชุน ตำบลบุ่งน้ำเต้า ตำบลหนองไขว่ ตำบลน้ำก้อ และตำบลบุ่งคล้า) ๑. อำเภอชนแดน
 ๒. อำเภอวังโป่ง
 ๓. อำเภอเมืองเพชรบูรณ์
 (เฉพาะเทศบาลตำบลวังชมภู ตำบลวังชมภู ตำบลห้วยสะแก ตำบลนายม ตำบลบ้านโตก ตำบลน้ำร้อน ตำบลชอนไพร ตำบลตะเบาะ
 และตำบลนาป่า) ๑. อำเภอบึงสามพัน
 ๒. อำเภอหนองไผ่
 ๓. อำเภอเมืองเพชรบูรณ์
 (เฉพาะตำบลระวิง)
 ๔. อำเภอวิเชียรบุรี
 (เฉพาะตำบลสามแยก)
 ๑. อำเภอศรีเทพ
 ๒. อำเภอวิเชียรบุรี
 (ยกเว้นตำบลสามแยก)",,1
55,มหาสารคาม,5,5,1,"๑. อำเภอเมืองมหาสารคาม
 ๒. อำเภอแกดำ
 ๓. อำเภอโกสุมพิสัย",,1
,,,,,,,0
หนา ๓๗,,,,,,,0
,,,,,,,0
ลำดับ ที่,จังหวัด,"จำนวน
 สมาชิกสภา ผู้แทนราษฎร","จำนวน
 เขตเลือกตั้ง","เขต
 เลือกตั้งที่","ท้องที่ที่ประกอบ
 เป็นเขตเลือกตั้ง",,1
,,,,"๒
 
 
 
 
 
 ๓
 
 
 
 
 
 
 
 
 ๔","(เฉพาะตำบลแก้งแก)
 ๑. อำเภอวาปีปทุม
 ๒. อำเภอบรบือ
 (ยกเว้นตำบลวังไชย ตำบลโนนแดง ตำบลหนองคูขาด และตำบลโนนราษี)
 ๑. อำเภอพยัคฆภูมิพิสัย
 ๒. อำเภอยางสีสุราช
 ๓. อำเภอนาดูน
 ๔. อำเภอนาเชือก (ยกเว้นตำบลสำโรง ตำบลหนองแดง ตำบลปอพาน ตำบลหนองเม็ก และตำบลหนองเรือ)
 ๑. อำเภอกุดรัง
 ๒. อำเภอนาเชือก (เฉพาะตำบลสำโรง ตำบลหนองแดง ตำบลปอพาน ตำบลหนองเม็ก
 และตำบลหนองเรือ)
 ๓. อำเภอโกสุมพิสัย
 (เฉพาะตา บลหัวขวาง ตา บลยางน้อย ตา บลวังยาว ตา บลเขวาไร่",,1
,,,,,,,0
หนา ๓๘,,,,,,,0
,,,,,,,0
ลำดับ ที่,จังหวัด,"จำนวน
 สมาชิกสภา ผู้แทนราษฎร","จำนวน
 เขตเลือกตั้ง","เขต
 เลือกตั้งที่","ท้องที่ที่ประกอบ
 เป็นเขตเลือกตั้ง",,1
,,,,๕,"ตา บลแพง ตา บลหนองเหล็ก
 ตา บลเหล่า  ตา บลหนองบอน ตา บลโพนงาม ตา บลยางท่าแจ้ง ตา บลหนองกุงสวรรค์ และตำบลดอนกลาง)
 ๔. อำเภอบรบือ (เฉพาะตำบลวังไชย ตำบลโนนแดง ตำบลหนองคูขาด และตำบลโนนราษี)
 ๑. อำเภอกันทรวิชัย
 ๒. อำเภอเชียงยืน
 ๓. อำเภอชื่นชม
 ๔. อำเภอโกสุมพิสัย
 (เฉพาะตำบลหนองบัว
 ตำบลแห่ใต้ ตำบลเลิงใต้ และตำบลเขื่อน)",,1
56,ราชบุรี,5,5,"1
 
 
 
 
 ๒",อำเภอเมืองราชบุรี (ยกเว้นตำบลน้ำพุ ตำบลห้วยไผ่ ตำบลดอนแร่ และตำบลอ่างทอง) ๑. อำเภอเมืองราชบุรี (เฉพาะตำบลน้ำพุ ตำบลห้วยไผ่,,1
,,,,,,,0
หนา ๓๙,,,,,,,0
,,,,,,,0
ลำดับ ที่,จังหวัด,"จำนวน
 สมาชิกสภา ผู้แทนราษฎร","จำนวน
 เขตเลือกตั้ง","เขต
 เลือกตั้งที่","ท้องที่ที่ประกอบ
 เป็นเขตเลือกตั้ง",,1
,,,,"๓
 
 
 
 
 ๔
 ๕","ตำบลดอนแร่ และตำบลอ่างทอง)
 ๒. อำเภอปากท่อ
 ๓. อำเภอสวนผึ้ง
 ๔. อำเภอวัดเพลง
 ๕. อำเภอบ้านคา
 ๑. อำเภอโพธาราม (ยกเว้นตำบลบ้านฆ้อง ตำบลบ้านสิงห์ และตำบลดอนทราย) ๒. อำเภอจอมบึง อำเภอบ้านโป่ง
 ๑. อำเภอดำเนินสะดวก
 ๒. อำเภอบางแพ
 ๓. อำเภอโพธาราม (เฉพาะตำบลบ้านฆ้อง ตำบลบ้านสิงห์ และตำบลดอนทราย)",,1
57,ชัยภูมิ,6,6,"1
 2
 
 
 
 3
 
 
 
 4
 
 5","อำเภอเมืองชัยภูมิ ๑. อำเภอจัตุรัส
 ๒. อำเภอเนินสง่า
 ๓. อำเภอบ้านเขว้า
 ๔. อำเภอหนองบัวระเหว
 ๑. อำเภอเทพสถิต
 ๒. อำเภอบำเหน็จณรงค์
 ๓. อำเภอภักดีชุมพล
 ๔. อำเภอซับใหญ่
 ๑. อำเภอเกษตรสมบูรณ์
 ๒. อำเภอหนองบัวแดง
 ๑. อำเภอภูเขียว
 ๒. อำเภอคอนสาร",,1
,,,,,,,0
หนา ๔๐,,,,,,,0
,,,,,,,0
ลำดับ ที่,จังหวัด,"จำนวน
 สมาชิกสภา ผู้แทนราษฎร","จำนวน
 เขตเลือกตั้ง","เขต
 เลือกตั้งที่","ท้องที่ที่ประกอบ
 เป็นเขตเลือกตั้ง",,1
,,,,6,"๑. อำเภอแก้งคร้อ
 ๒. อำเภอคอนสวรรค์ ๓. อำเภอบ้านแท่น",,1
58,นครสวรรค์,6,6,"1
 
 
 
 
 
 
 
 
 
 
 
 
 
 
 
 
 
 
 
 
 
 2","๑. อำเภอเมืองนครสวรรค์
 (เฉพาะตำบลนครสวรรค์ตก (ในเขตเทศบาลนคร นครสวรรค์)
 ตำบลนครสวรรค์ออก (ในเขตเทศบาลนคร นครสวรรค์) ตำบลแควใหญ่ (ในเขตเทศบาลนคร นครสวรรค์) ตำบลปากน้ำโพ ตำบลวัดไทร ตำบลบางม่วง ตำบลบ้านมะเกลือ ตำบลบ้านแก่ง ตำบลหนองกรด ตำบลหนองกระโดน และตำบลบึงเสนาท)
 ๒. อำเภอเก้าเลี้ยว
 (เฉพาะตำบลมหาโพธิ)
 ๓. อำเภอลาดยาว
 (เฉพาะตำบลหนองยาว)
 ๑. อำเภอเมืองนครสวรรค์
 (ยกเว้นตำบลนครสวรรค์ตก (ในเขตเทศบาลนคร นครสวรรค์)",,1
,,,,,,,0
หนา ๔๑,,,,,,,0
,,,,,,,0
ลำดับ ที่,จังหวัด,"จำนวน
 สมาชิกสภา ผู้แทนราษฎร","จำนวน
 เขตเลือกตั้ง","เขต
 เลือกตั้งที่","ท้องที่ที่ประกอบ
 เป็นเขตเลือกตั้ง",,1
,,,,"3
 
 
 
 
 4","ตำบลนครสวรรค์ออก (ในเขตเทศบาลนคร นครสวรรค์) ตำบลแควใหญ่ (ในเขตเทศบาลนคร นครสวรรค์) ตำบลปากน้ำโพ ตำบลวัดไทร ตำบลบางม่วง ตำบลบ้านมะเกลือ ตำบลบ้านแก่ง ตำบลหนองกรด  ตำบลหนองกระโดน
 และตำบลบึงเสนาท)
 ๒. อำเภอพยุหะคีรี
 ๓. อำเภอโกรกพระ
 ๔. อำเภอชุมแสง
 (เฉพาะตำบลทับกฤชใต้)
 ๑. อำเภอบรรพตพิสัย
 ๒. อำเภอชุมแสง
 (ยกเว้นตำบลทับกฤชใต้)
 ๓. อำเภอเก้าเลี้ยว
 (ยกเว้นตำบลมหาโพธิ)
 ๑. อำเภอหนองบัว
 ๒. อำเภอไพศาลี (ยกเว้นตำบลตะคร้อ ตำบลสำโรงชัย และตำบลโพธิ์ประสาท)
 ๓. อำเภอท่าตะโก",,1
,,,,,,,0
หนา ๔๒,,,,,,,0
,,,,,,,0
ลำดับ ที่,จังหวัด,"จำนวน
 สมาชิกสภา ผู้แทนราษฎร","จำนวน
 เขตเลือกตั้ง","เขต
 เลือกตั้งที่","ท้องที่ที่ประกอบ
 เป็นเขตเลือกตั้ง",,1
,,,,"5
 
 
 
 
 
 6","๑. อำเภอตาคลี
 ๒. อำเภอตากฟ้า
 ๓. อำเภอไพศาลี (เฉพาะตำบลตะคร้อ ตำบลสำโรงชัย และตำบลโพธิ์ประสาท) ๑. อำเภอลาดยาว
 (ยกเว้นตำบลหนองยาว)
 ๒. อำเภอแม่วงก์
 ๓. อำเภอแม่เปิน
 ๔. อำเภอชุมตาบง",,1
59,นนทบุรี,6,6,"1
 
 
 
 
 
 
 
 
 2
 
 
 
 3","๑. อำเภอเมืองนนทบุรี (เฉพาะตำบลท่าทราย ตำบลบางกระสอ
 และตำบลบางเขน)
 ๒. อำเภอปากเกร็ด
 (เฉพาะตำบลบางพลับ ตำบลอ้อมเกร็ด ตำบลเกาะเกร็ด
 และตำบลท่าอิฐ) อำเภอเมืองนนทบุรี (ยกเว้นตำบลท่าทราย ตำบลบางกระสอ และตำบลบางเขน) ๑. อำเภอบางกรวย
 ๒. อำเภอบางใหญ่ (เฉพาะตำบลบ้านใหม่ ตำบลบางแม่นาง และตำบลบางใหญ่)",,1
,,,,,,,0
หนา ๔๓,,,,,,,0
,,,,,,,0
ลำดับ ที่,จังหวัด,"จำนวน
 สมาชิกสภา ผู้แทนราษฎร","จำนวน
 เขตเลือกตั้ง","เขต
 เลือกตั้งที่","ท้องที่ที่ประกอบ
 เป็นเขตเลือกตั้ง",,1
,,,,"4
 
 
 
 
 ๕
 
 
 
 
 
 
 
 
 6","อำเภอปากเกร็ด (ยกเว้นตำบลบางพลับ ตำบลอ้อมเกร็ด ตำบลเกาะเกร็ด และตำบลท่าอิฐ) ๑. อำเภอบางบัวทอง (เฉพาะตำบลพิมลราช ตำบลโสนลอย ตำบลบางรักพัฒนา และตำบลบางรักใหญ่) ๒. อำเภอบางใหญ่ (ยกเว้นตำบลบ้านใหม่ ตำบลบางแม่นาง และตำบลบางใหญ่) ๑. อำเภอไทรน้อย
 ๒. อำเภอบางบัวทอง (ยกเว้นตำบลพิมลราช ตำบลโสนลอย ตำบลบางรักพัฒนา และตำบลบางรักใหญ่)",,1
60,ปทุมธานี,6,6,1,๑. อำเภอเมืองปทุมธานี (เฉพาะตำบลบางปรอก ตำบลบ้านฉาง ตำบลบางขะแยง ตำบลบางคูวัด ตำบลบางหลวง ตำบลบางเดื่อ ตำบลบ้านใหม่ และตำบลบางกะดี) ๒. อำเภอลาดหลุมแก้ว,,1
,,,,,,,0
หนา ๔๔,,,,,,,0
,,,,,,,0
ลำดับ ที่,จังหวัด,"จำนวน
 สมาชิกสภา ผู้แทนราษฎร","จำนวน
 เขตเลือกตั้ง","เขต
 เลือกตั้งที่","ท้องที่ที่ประกอบ
 เป็นเขตเลือกตั้ง",,1
,,,,"๒
 
 
 
 
 
 
 
 
 
 
 
 
 3
 
 
 
 4
 
 
 
 5
 
 
 
 6","๑. อำเภอเมืองปทุมธานี (ยกเว้นตำบลบางปรอก ตำบลบ้านฉาง ตำบลบางขะแยง ตำบลบางคูวัด ตำบลบางหลวง ตำบลบางเดื่อ ตำบลบ้านใหม่ และตำบลบางกะดี) ๒. อำเภอสามโคก
 ๓. อำเภอคลองหลวง (เฉพาะเทศบาลเมือง คลองหลวง)
 อำเภอคลองหลวง
 (เฉพาะเทศบาลเมืองท่าโขลง ตา บลคลองสาม และตา บลคลองสี่) ๑. อำเภอธัญบุรี
 (เฉพาะตำบลประชาธิปัตย์)
 ๒. อำเภอลำลูกกา
 (เฉพาะตา บลคูคต)
 ๑. อำเภอธัญบุรี
 (เฉพาะตำบลบึงยี่โถ)
 ๒. อำเภอลำลูกกา
 (ยกเว้นตา บลคูคต)
 ๑. อำเภอคลองหลวง (เฉพาะตำบลคลองห้า ตำบลคลองหก",,1
,,,,,,,0
หนา ๔๕,,,,,,,0
,,,,,,,0
ลำดับ ที่,จังหวัด,"จำนวน
 สมาชิกสภา ผู้แทนราษฎร","จำนวน
 เขตเลือกตั้ง","เขต
 เลือกตั้งที่","ท้องที่ที่ประกอบ
 เป็นเขตเลือกตั้ง",,1
,,,,,"และตำบลคลองเจ็ด)
 ๒. อำเภอหนองเสือ
 ๓. อำเภอธัญบุรี
 (เฉพาะตำบลรังสิต ตำบลลำผักกูด ตำบลบึงสนั่น และตำบลบึงน้ำรักษ์)",,1
61,สกลนคร,6,6,"1
 2
 
 
 
 
 3
 
 
 
 
 4
 
 5
 
 6","อำเภอเมืองสกลนคร
 ๑. อำเภอกุสุมาลย์
 ๒. อำเภอโพนนาแก้ว
 ๓. อำเภอโคกศรีสุพรรณ
 ๔. อำเภอเต่างอย
 ๕. อำเภอภูพาน
 ๑. อำเภอพังโคน
 ๒. อำเภอวาริชภูมิ
 ๓. อำเภอส่องดาว
 ๔. อำเภอนิคมน้ำอูน
 ๕. อำเภอกุดบาก
 ๑. อำเภอสว่างแดนดิน
 ๒. อำเภอเจริญศิลป์
 ๑. อำเภอวานรนิวาส
 ๒. อำเภอบ้านม่วง
 ๑. อำเภอพรรณานิคม
 ๒. อำเภออากาศอำนวย
 ๓. อำเภอคำตากล้า",,1
,,,,,,,0
หนา ๔๖,,,,,,,0
,,,,,,,0
ลำดับ ที่,จังหวัด,"จำนวน
 สมาชิกสภา ผู้แทนราษฎร","จำนวน
 เขตเลือกตั้ง","เขต
 เลือกตั้งที่","ท้องที่ที่ประกอบ
 เป็นเขตเลือกตั้ง",,1
62,สุราษฎร์ธานี,6,6,"1
 2
 
 
 
 
 
 
 
 3
 
 
 
 
 
 
 4
 
 
 
 
 
 
 
 5","อำเภอเมืองสุราษฎร์ธานี ๑. อำเภอกาญจนดิษฐ์ (ยกเว้นตำบลทุ่งรัง ตำบลช้างซ้าย ตำบลช้างขวา ตำบลป่าร่อน และตำบลคลองสระ)
 ๒. อำเภอดอนสัก
 ๓. อำเภอเกาะสมุย
 ๔. อำเภอเกาะพะงัน
 ๑. อำเภอกาญจนดิษฐ์ (เฉพาะตำบลทุ่งรัง ตำบลช้างซ้าย ตำบลช้างขวา ตา บลป่าร่อน และตำบลคลองสระ)
 ๒. อำเภอบ้านนาสาร
 ๓. อำเภอเวียงสระ
 ๑. อำเภอพุนพิน
 ๒. อำเภอบ้านนาเดิม
 ๓. อำเภอคีรีรัฐนิคม
 (ยกเว้นตำบลท่าขนอน ตำบลน้ำหัก และตำบลบ้านยาง) ๔. อำเภอเคียนซา
 (ยกเว้นตำบลบ้านเสด็จ)
 ๑. อำเภอพระแสง
 ๒. อำเภอชัยบุรี
 ๓. อำเภอพนม
 ๔. อำเภอบ้านตาขุน
 ๕. อำเภอเคียนซา",,1
,,,,,,,0
หนา ๔๗,,,,,,,0
,,,,,,,0
ลำดับ ที่,จังหวัด,"จำนวน
 สมาชิกสภา ผู้แทนราษฎร","จำนวน
 เขตเลือกตั้ง","เขต
 เลือกตั้งที่","ท้องที่ที่ประกอบ
 เป็นเขตเลือกตั้ง",,1
,,,,6,"(เฉพาะตำบลบ้านเสด็จ)
 ๑. อำเภอไชยา
 ๒. อำเภอท่าชนะ
 ๓. อำเภอท่าฉาง
 ๔. อำเภอวิภาวดี
 ๕. อำเภอคีรีรัฐนิคม
 (เฉพาะตำบลท่าขนอน ตำบลน้ำหัก และตำบลบ้านยาง)",,1
63,เชียงราย,7,7,"1
 
 
 
 
 
 2
 
 
 3
 
 
 
 
 
 
 ๔","อำเภอเมืองเชียงราย (ยกเว้นตำบลท่าสาย ตำบลสันทราย ตำบลป่าอ้อดอนชัย ตำบลห้วยสัก และตำบลดอยลาน) ๑. อำเภอแม่ลาว
 ๒. อำเภอแม่สรวย
 ๓. อำเภอเวียงป่าเป้า
 ๑. อำเภอพาน
 ๒. อำเภอเมืองเชียงราย (เฉพาะตำบลท่าสาย ตำบลสันทราย ตำบลป่าอ้อดอนชัย ตำบลห้วยสัก
 และตำบลดอยลาน)
 ๑. อำเภอเทิง
 ๒. อำเภอป่าแดด
 ๓. อำเภอเวียงชัย",,1
,,,,,,,0
หนา ๔๘,,,,,,,0
,,,,,,,0
ลำดับ ที่,จังหวัด,"จำนวน
 สมาชิกสภา ผู้แทนราษฎร","จำนวน
 เขตเลือกตั้ง","เขต
 เลือกตั้งที่","ท้องที่ที่ประกอบ
 เป็นเขตเลือกตั้ง",,1
,,,,"5
 
 
 
 
 
 6
 
 
 
 7","๔. อำเภอเวียงเชียงรุ้ง
 ๑. อำเภอเชียงของ
 ๒. อำเภอเวียงแก่น
 ๓. อำเภอขุนตาล
 ๔. อำเภอพญาเม็งราย
 ๕. อำเภอเชียงแสน
 (เฉพาะตำบลแม่เงิน)
 ๑. อำเภอแม่สาย
 ๒. อำเภอเชียงแสน
 (ยกเว้นตำบลแม่เงิน)
 ๓. อำเภอดอยหลวง
 ๑. อำเภอแม่จัน
 ๒. อำเภอแม่ฟ้าหลวง",,1
๖๔,ร้อยเอ็ด,๗,๗,"๑
 
 ๒","1. อำเภอเมืองร้อยเอ็ด
 2. อำเภอศรีสมเด็จ
 1. อำเภอโพธิ์ชัย
 2. อำเภอจังหาร
 3. อำเภอเชียงขวัญ
 4. อำเภอธวัชบุรี
 (เฉพาะตำบลธวัชบุรี ตำบลนิเวศน์ ตำบลหนองพอก
 ตำบลมะอึ
 ตำบลอุ่มเม้า ตำบลหนองไผ่ ตำบลไพศาล ตำบลธงธานี และตำบลบึงนคร)",,1
,,,,,,,0
หนา ๔๙,,,,,,,0
,,,,,,,0
ลำดับ ที่,จังหวัด,"จำนวน
 สมาชิกสภา ผู้แทนราษฎร","จำนวน
 เขตเลือกตั้ง","เขต
 เลือกตั้งที่","ท้องที่ที่ประกอบ
 เป็นเขตเลือกตั้ง",,1
,,,,"๓
 
 
 
 
 
 
 
 
 
 ๔","1. อำเภอโพนทอง
 2. อำเภอเมยวดี
 3. อำเภอหนองพอก (เฉพาะตำบลหนองพอก ตำบลภูเขาทอง ตำบลบึงงาม ตำบลผาน้ำย้อย ตำบลโคกสว่าง ตำบลกกโพธิ์ และตำบลรอบเมือง)
 1. อำเภอเสลภูมิ
 2. อำเภอทุ่งเขาหลวง
 3. อำเภอธวัชบุรี (ยกเว้นตำบลธวัชบุรี ตำบลนิเวศน์ ตำบลหนองพอก ตำบลมะอึ
 ตำบลอุ่มเม้า ตำบลหนองไผ่ ตำบลไพศาล ตำบลธงธานี และตำบลบึงนคร)
 4. อำเภอหนองพอก (ยกเว้นตำบลหนองพอก ตำบลภูเขาทอง ตำบลบึงงาม ตำบลผาน้ำย้อย ตำบลโคกสว่าง",,1
,,,,,,,0
หนา ๕๐,,,,,,,0
,,,,,,,0
ลำดับ ที่,จังหวัด,"จำนวน
 สมาชิกสภา ผู้แทนราษฎร","จำนวน
 เขตเลือกตั้ง","เขต
 เลือกตั้งที่","ท้องที่ที่ประกอบ
 เป็นเขตเลือกตั้ง",,1
,,,,"๕
 
 
 
 
 
 ๖
 
 
 
 
 
 
 ๗","ตำบลกกโพธิ์ และตำบลรอบเมือง) 5. อำเภออาจสามารถ (เฉพาะตำบลบ้านแจ้ง และตำบลโพนเมือง)
 1. อำเภอพนมไพร
 2. อำเภอหนองฮี
 3. อำเภอโพนทราย
 4. อำเภออาจสามารถ (ยกเว้นตำบลบ้านแจ้ง และตำบลโพนเมือง)
 1. อำเภอสุวรรณภูมิ
 2. อำเภอเมืองสรวง
 3. อำเภอจตุรพักตรพิมาน (เฉพาะตำบลหัวช้าง ตำบลดงแดง ตำบลดงกลาง ตำบลป่าสังข์ ตำบลน้ำใส และตำบลศรีโคตร)
 1. อำเภอเกษตรวิสัย
 2. อำเภอปทุมรัตต์
 3. อำเภอจตุรพักตรพิมาน (ยกเว้นตำบลหัวช้าง ตำบลดงแดง ตำบลดงกลาง
 ตำบลป่าสังข์ ตำบลน้ำใส และตำบลศรีโคตร)",,1
65,สมุทรปราการ,7,7,1,อำเภอเมืองสมุทรปราการ (เฉพาะตำบลบางโปรง ตำบลบางด้วน,,1
,,,,,,,0
หนา ๕๑,,,,,,,0
,,,,,,,0
ลำดับ ที่,จังหวัด,"จำนวน
 สมาชิกสภา ผู้แทนราษฎร","จำนวน
 เขตเลือกตั้ง","เขต
 เลือกตั้งที่","ท้องที่ที่ประกอบ
 เป็นเขตเลือกตั้ง",,1
,,,,"2
 
 
 
 
 
 3
 
 
 
 4
 
 
 5
 
 
 
 
 6
 
 7","ตำบลบางเมือง ตำบลท้ายบ้าน และตำบลปากน้ำ) อำเภอเมืองสมุทรปราการ (เฉพาะตำบลบางปู ตำบลบางปูใหม่ ตำบลแพรกษา ตำบลแพรกษาใหม่ และตำบลท้ายบ้านใหม่) อำเภอเมืองสมุทรปราการ (เฉพาะตำบลเทพารักษ์ ตำบลสำโรงเหนือ และตำบลบางเมืองใหม่) อำเภอบางพลี
 (ยกเว้นตำบลหนองปรือ และตำบลราชาเทวะ) ๑. อำเภอบางบ่อ
 ๒. อำเภอบางเสาธง
 ๓. อำเภอบางพลี
 (เฉพาะตำบลหนองปรือ และตำบลราชาเทวะ) อำเภอพระประแดง (ยกเว้นตำบลบางจาก)
 ๑. อำเภอพระสมุทรเจดีย์ ๒. อำเภอพระประแดง
 (เฉพาะตำบลบางจาก)",,1
66,สุรินทร์,7,7,1,๑. อำเภอเมืองสุรินทร์  (เฉพาะตำบลเทนมีย์ ตำบลตระแสง ตำบลอ็อง ตำบลสวาย ตำบลนาบัว,,1
,,,,,,,0
หนา ๕๒,,,,,,,0
,,,,,,,0
ลำดับ ที่,จังหวัด,"จำนวน
 สมาชิกสภา ผู้แทนราษฎร","จำนวน
 เขตเลือกตั้ง","เขต
 เลือกตั้งที่","ท้องที่ที่ประกอบ
 เป็นเขตเลือกตั้ง",,1
,,,,"2
 
 
 
 
 
 
 
 
 
 
 ๓","ตำบลเฉนียง ตำบลคอโค ตำบลนอกเมือง และตำบลสำโรง) ๒. อำเภอลำดวน
 (ยกเว้นตำบลตรำดม)
 3. อำเภอปราสาท (เฉพาะตำบลบ้านไทร ตำบลทมอ ตำบลไพล ตำบลโคกยาง ตำบลเชื้อเพลิง ตำบลทุ่งมน ตำบลสมุด
 และตำบลปะทัดบุ) 1. อำเภอเขวาสินรินทร์
 2. อำเภอเมืองสุรินทร์ (ยกเว้นตำบลเทนมีย์ ตำบลตระแสง ตำบลอ็อง ตำบลสวาย ตำบลนาบัว ตำบลเฉนียง ตำบลคอโค ตำบลนอกเมือง
 และตำบลสำโรง)
 3. อำเภอศีขรภูมิ
 (เฉพาะตำบลช่างปี่ และตำบลจารพัตร)
 1. อำเภอจอมพระ 2. อำเภอสนม
 (เฉพาะตำบลสนม ตำบลหนองระฆัง ตำบลนานวน",,1
,,,,,,,0
หนา ๕๓,,,,,,,0
,,,,,,,0
ลำดับ ที่,จังหวัด,"จำนวน
 สมาชิกสภา ผู้แทนราษฎร","จำนวน
 เขตเลือกตั้ง","เขต
 เลือกตั้งที่","ท้องที่ที่ประกอบ
 เป็นเขตเลือกตั้ง",,1
,,,,"๔
 
 
 
 
 
 
 
 
 
 
 
 5","ตำบลแคน และตำบลหนองอียอ)
 3. อำเภอโนนนารายณ์
 4. อำเภอท่าตูม
 (เฉพาะตำบลเมืองแก ตำบลบะ ตำบลหนองเมธี ตำบลบัวโคก และตำบลกระโพ)
 5. อำเภอรัตนบุรี
 (เฉพาะตำบลหนองบัวบาน
 ตำบลเบิด และตำบลยางสว่าง)
 1. อำเภอชุมพลบุรี
 2. อำเภอท่าตูม
 (ยกเว้นตำบลเมืองแก ตำบลบะ ตำบลหนองเมธี ตำบลบัวโคก
 และตำบลกระโพ)
 3. อำเภอรัตนบุรี
 (ยกเว้นตำบลหนองบัวบาน ตำบลเบิด และตำบลยางสว่าง) 4. อำเภอสนม
 (เฉพาะตำบลโพนโก)
 1. อำเภอสำโรงทาบ
 2. อำเภอศีขรภูมิ
 (ยกเว้นตำบลช่างปี่ และตำบลจารพัตร)",,1
,,,,,,,0
หนา ๕๔,,,,,,,0
,,,,,,,0
ลำดับ ที่,จังหวัด,"จำนวน
 สมาชิกสภา ผู้แทนราษฎร","จำนวน
 เขตเลือกตั้ง","เขต
 เลือกตั้งที่","ท้องที่ที่ประกอบ
 เป็นเขตเลือกตั้ง",,1
,,,,"6
 
 
 
 
 7","3. อำเภอศรีณรงค์ (เฉพาะตำบลตรวจ และตำบลแจนแวน)
 4. อำเภอลำดวน
 (เฉพาะตำบลตรำดม)
 5. อำเภอสนม
 (เฉพาะตำบลหัวงัว)
 1. อำเภอบัวเชด
 2. อำเภอสังขะ
 3. อำเภอศรีณรงค์ (ยกเว้นตำบลตรวจ และตำบลแจนแวน)
 1. อำเภอกาบเชิง
 2. อำเภอพนมดงรัก 3. อำเภอปราสาท (ยกเว้นตำบลบ้านไทร ตำบลทมอ ตำบลไพล ตำบลโคกยาง ตำบลเชื้อเพลิง ตำบลทุ่งมน ตำบลสมุด และตำบลปะทัดบุ)",,1
67,ชลบุรี,8,8,1,"อำเภอเมืองชลบุรี
 (ยกเว้นตำบลบางปลาสร้อย ตำบลมะขามหย่ง ตำบลบ้านโขด ตำบลบางทราย ตำบลหนองไม้แดง ตำบลคลองตำหรุ",,1
,,,,,,,0
หนา ๕๕,,,,,,,0
,,,,,,,0
ลำดับ ที่,จังหวัด,"จำนวน
 สมาชิกสภา ผู้แทนราษฎร","จำนวน
 เขตเลือกตั้ง","เขต
 เลือกตั้งที่","ท้องที่ที่ประกอบ
 เป็นเขตเลือกตั้ง",,1
,,,,"2
 
 
 
 
 
 
 
 
 
 
 
 3
 
 
 
 
 4
 
 
 5
 
 
 
 6","ตำบลดอนหัวฬ่อ และตำบลบ้านสวน)
 ๑. อำเภอเมืองชลบุรี
 (เฉพาะตำบลบางปลาสร้อย ตำบลมะขามหย่ง ตำบลบ้านโขด ตำบลบางทราย ตำบลหนองไม้แดง ตำบลคลองตำหรุ ตำบลดอนหัวฬ่อ และตำบลบ้านสวน) ๒. อำเภอพานทอง (ยกเว้นตำบลมาบโป่ง และตำบลหนองหงษ์)
 ๑. อำเภอพนัสนิคม
 ๒. อำเภอเกาะจันทร์
 ๓. อำเภอพานทอง (เฉพาะตำบลมาบโป่ง
 และตำบลหนองหงษ์)
 ๑. อำเภอบ้านบึง
 ๒. อำเภอบ่อทอง
 ๓. อำเภอหนองใหญ่
 ๑. อำเภอศรีราชา
 (ยกเว้นตำบลทุ่งสุขลา และตำบลบึง) ๒. อำเภอเกาะสีชัง
 ๑. อำเภอศรีราชา
 (เฉพาะตำบลทุ่งสุขลา",,1
,,,,,,,0
หนา ๕๖,,,,,,,0
,,,,,,,0
ลำดับ ที่,จังหวัด,"จำนวน
 สมาชิกสภา ผู้แทนราษฎร","จำนวน
 เขตเลือกตั้ง","เขต
 เลือกตั้งที่","ท้องที่ที่ประกอบ
 เป็นเขตเลือกตั้ง",,1
,,,,"7
 
 
 
 8","และตำบลบึง)
 ๒. อำเภอบางละมุง (ยกเว้นตำบลหนองปรือ ตำบลโป่ง ตำบลห้วยใหญ่ และตำบลเขาไม้แก้ว) อำเภอบางละมุง (เฉพาะตำบลหนองปรือ ตำบลโป่ง ตำบลห้วยใหญ่ และตำบลเขาไม้แก้ว) อำเภอสัตหีบ",,1
๖๘,นครศรีธรรมราช,๘,๘,"๑
 
 
 
 
 
 
 
 
 ๒
 
 
 ๓
 
 
 
 ๔","อำเภอเมืองนครศรีธรรมราช
 (เฉพาะตำบลท่าไร่ ตำบลปากนคร ตำบลบางจาก
 ตำบลไชยมนตรี ตำบลมะม่วงสองต้น ตำบลโพธิ์เสด็จ ตำบลท่าเรือ ตำบลท่าซัก
 และเทศบาลนคร นครศรีธรรมราช) ๑. อำเภอปากพนัง
 ๒. อำเภอเชียรใหญ่
 ๓. อำเภอหัวไทร
 ๑. อำเภอพระพรหม
 ๒. อำเภอเฉลิมพระเกียรติ
 ๓. อำเภอชะอวด
 ๔. อำเภอจุฬาภรณ์
 ๑. อำเภอทุ่งสง
 ๒. อำเภอบางขัน",,1
,,,,,,,0
หนา ๕๗,,,,,,,0
,,,,,,,0
ลำดับ ที่,จังหวัด,"จำนวน
 สมาชิกสภา ผู้แทนราษฎร","จำนวน
 เขตเลือกตั้ง","เขต
 เลือกตั้งที่","ท้องที่ที่ประกอบ
 เป็นเขตเลือกตั้ง",,1
,,,,"๕
 
 
 
 ๖
 
 
 
 ๗
 
 
 
 
 
 
 
 
 
 
 ๘","๑. อำเภอทุ่งใหญ่
 ๒. อำเภอถ้ำพรรณรา
 ๓. อำเภอฉวาง
 ๔. อำเภอพิปูน
 ๑. อำเภอร่อนพิบูลย์
 ๒. อำเภอลานสกา
 ๓. อำเภอช้างกลาง
 ๔. อำเภอนาบอน
 ๑. อำเภอเมืองนครศรีธรรมราช
 (ยกเว้นตำบลท่าไร่ ตำบลปากนคร ตำบลบางจาก ตำบลไชยมนตรี
 ตำบลมะม่วงสองต้น
 ตำบลโพธิ์เสด็จ ตำบลท่าเรือ
 ตำบลท่าซัก
 และเทศบาลนคร นครศรีธรรมราช)
 ๒. อำเภอท่าศาลา
 ๑. อำเภอสิชล
 ๒. อำเภอขนอม
 ๓. อำเภอนบพิตำ
 ๔. อำเภอพรหมคีรี",,1
69,บุรีรัมย์,8,8,"1
 
 
 
 2",อำเภอเมืองบุรีรัมย์ (ยกเว้นตำบลบัวทอง ตำบลถลุงเหล็ก และตำบลกลันทา) ๑. อำเภอสตึก,,1
,,,,,,,0
หนา ๕๘,,,,,,,0
,,,,,,,0
ลำดับ ที่,จังหวัด,"จำนวน
 สมาชิกสภา ผู้แทนราษฎร","จำนวน
 เขตเลือกตั้ง","เขต
 เลือกตั้งที่","ท้องที่ที่ประกอบ
 เป็นเขตเลือกตั้ง",,1
,,,,"3
 
 
 
 
 
 
 4
 
 
 
 
 5
 
 
 
 
 6","๒. อำเภอบ้านด่าน
 ๓. อำเภอแคนดง
 ๔. อำเภอเมืองบุรีรัมย์ (เฉพาะตำบลบัวทอง ตำบลถลุงเหล็ก และตำบลกลันทา)
 ๑. อำเภอคูเมือง
 ๒. อำเภอพุทไธสง
 ๓. อำเภอนาโพธิ์
 ๔. อำเภอบ้านใหม่ไชยพจน์
 ๕. อำเภอลำปลายมาศ (เฉพาะตำบลโคกสะอาด และตำบลเมืองแฝก)
 ๑. อำเภอหนองหงส์
 ๒. อำเภอชำนิ
 ๓. อำเภอลำปลายมาศ (ยกเว้นตำบลโคกสะอาด และตำบลเมืองแฝก)
 ๑. อำเภอกระสัง
 ๒. อำเภอพลับพลาชัย
 ๓. อำเภอห้วยราช
 ๔. อำเภอประโคนชัย
 (เฉพาะตำบลไพศาล)
 ๑. อำเภอหนองกี่
 ๒. อำเภอโนนสุวรรณ
 ๓. อำเภอนางรอง
 (ยกเว้นตำบลทรัพย์พระยา",,1
,,,,,,,0
หนา ๕๙,,,,,,,0
,,,,,,,0
ลำดับ ที่,จังหวัด,"จำนวน
 สมาชิกสภา ผู้แทนราษฎร","จำนวน
 เขตเลือกตั้ง","เขต
 เลือกตั้งที่","ท้องที่ที่ประกอบ
 เป็นเขตเลือกตั้ง",,1
,,,,"7
 
 
 8","และตำบลชุมแสง) ๑. อำเภอบ้านกรวด
 ๒. อำเภอประโคนชัย
 (ยกเว้นตำบลไพศาล)
 ๑. อำเภอละหานทราย
 ๒. อำเภอปะคำ
 ๓. อำเภอโนนดินแดง
 ๔. อำเภอเฉลิมพระเกียรติ
 ๕. อำเภอนางรอง
 (เฉพาะตำบลทรัพย์พระยา และตำบลชุมแสง)",,1
70,ศรีสะเกษ,8,8,"1
 
 2
 
 
 3
 
 
 
 
 
 4
 
 5","๑. อำเภอเมืองศรีสะเกษ
 ๒. อำเภอวังหิน
 ๑. อำเภอกันทรารมย์
 ๒. อำเภอโนนคูณ
 ๓. อำเภอน้ำเกลี้ยง
 ๑. อำเภอกันทรลักษณ์
 (เฉพาะตำบลภูเงิน)
 ๒. อำเภอเบญจลักษ์
 ๓. อำเภอศรีรัตนะ
 ๔. อำเภอพยุห์ ๕. อำเภอไพรบึง อำเภอกันทรลักษณ์ (ยกเว้นตำบลภูเงิน) ๑. อำเภอขุนหาญ
 ๒. อำเภอภูสิงห์
 ๓. อำเภอขุขันธ์",,1
,,,,,,,0
หนา ๖๐,,,,,,,0
,,,,,,,0
ลำดับ ที่,จังหวัด,"จำนวน
 สมาชิกสภา ผู้แทนราษฎร","จำนวน
 เขตเลือกตั้ง","เขต
 เลือกตั้งที่","ท้องที่ที่ประกอบ
 เป็นเขตเลือกตั้ง",,1
,,,,"6
 
 
 
 
 
 
 
 7
 
 
 
 
 
 8","(เฉพาะตำบลปรือใหญ่ ตำบลนิคมพัฒนา ตำบลศรีตระกูล และตำบลตาอุด)
 ๑. อำเภอขุขันธ์
 (ยกเว้นตำบลปรือใหญ่ ตำบลนิคมพัฒนา ตำบลศรีตระกูล
 และตำบลตาอุด)
 ๒. อำเภอปรางค์กู่
 (ยกเว้นตำบลสำโรงปราสาท
 และตำบลตูม)
 ๑. อำเภออุทุมพรพิสัย
 ๒. อำเภอห้วยทับทัน
 ๓. อำเภอปรางค์กู่
 (เฉพาะตำบลสำโรงปราสาท และตำบลตูม)
 ๔. อำเภอเมืองจันทร์
 ๑. อำเภอราษีไศล
 ๒. อำเภอยางชุมน้อย
 ๓. อำเภอศิลาลาด
 ๔. อำเภอบึงบูรพ์
 ๕. อำเภอโพธิ์ศรีสุวรรณ",,1
71,สงขลา,8,8,"1
 2",อำเภอเมืองสงขลา อำเภอหาดใหญ่ (เฉพาะตำบลหาดใหญ่ ตำบลคลองแห และตำบลคลองอู่ตะเภา),,1
,,,,,,,0
หนา ๖๑,,,,,,,0
,,,,,,,0
ลำดับ ที่,จังหวัด,"จำนวน
 สมาชิกสภา ผู้แทนราษฎร","จำนวน
 เขตเลือกตั้ง","เขต
 เลือกตั้งที่","ท้องที่ที่ประกอบ
 เป็นเขตเลือกตั้ง",,1
,,,,"3
 
 
 
 
 
 
 4
 
 
 
 
 
 
 
 
 5
 
 
 
 
 
 
 
 
 6","๑. อำเภอหาดใหญ่ (เฉพาะตำบลคูเต่า ตำบลฉลุง ตำบลทุ่งใหญ่ ตำบลท่าข้าม ตำบลน้ำน้อย
 ตำบลควนลัง ตำบลทุ่งตำเสา และตำบลคอหงส์)
 ๒. อำเภอนาหม่อม
 ๑. อำเภอระโนด
 ๒. อำเภอกระแสสินธุ์
 ๓. อำเภอสทิงพระ
 ๔. อำเภอสิงหนคร (ยกเว้นตำบลปากรอ ตำบลป่าขาด ตำบลทำนบ
 ตำบลชิงโค ตำบลหัวเขา และตำบลสทิงหม้อ) ๑. อำเภอสิงหนคร
 (เฉพาะตำบลปากรอ ตำบลป่าขาด ตำบลทำนบ
 ตำบลชิงโค ตำบลหัวเขา และตำบลสทิงหม้อ)
 ๒. อำเภอควนเนียง
 ๓. อำเภอบางกล่ำ
 ๔. อำเภอรัตภูมิ
 ๑. อำเภอหาดใหญ่
 (เฉพาะตำบลพะตง",,1
,,,,,,,0
หนา ๖๒,,,,,,,0
,,,,,,,0
ลำดับ ที่,จังหวัด,"จำนวน
 สมาชิกสภา ผู้แทนราษฎร","จำนวน
 เขตเลือกตั้ง","เขต
 เลือกตั้งที่","ท้องที่ที่ประกอบ
 เป็นเขตเลือกตั้ง",,1
,,,,"7
 
 
 
 
 8","ตำบลบ้านไร่ และตำบลบ้านพรุ) ๒. อำเภอคลองหอยโข่ง
 ๓. อำเภอสะเดา
 (ยกเว้นตำบลสำนักแต้ว และตำบลสำนักขาม) ๑. อำเภอนาทวี
 ๒. อำเภอสะบ้าย้อย
 ๓. อำเภอสะเดา
 (เฉพาะตำบลสำนักแต้ว และตำบลสำนักขาม)
 ๑. อำเภอจะนะ ๒. อำเภอเทพา",,1
72,อุดรธานี,8,8,"1
 
 
 
 
 2","อำเภอเมืองอุดรธานี
 (เฉพาะเทศบาลนครอุดรธานี เทศบาลเมืองหนองสำโรง เทศบาลตำบลหนองบัว และตำบลนาดี) 1. อำเภอเพ็ญ
 2. อำเภอเมืองอุดรธานี (เฉพาะตำบลบ้านขาว ตำบลนาข่า ตำบลนากว้าง ตำบลกุดสระ ตำบลหนองบัว ตำบลสามพร้าว",,1
,,,,,,,0
หนา ๖๓,,,,,,,0
,,,,,,,0
ลำดับ ที่,จังหวัด,"จำนวน
 สมาชิกสภา ผู้แทนราษฎร","จำนวน
 เขตเลือกตั้ง","เขต
 เลือกตั้งที่","ท้องที่ที่ประกอบ
 เป็นเขตเลือกตั้ง",,1
,,,,"๓
 
 
 
 
 4
 
 
 
 
 
 
 
 
 
 5","ตำบลหมูม่น
 และเทศบาลตำบลนาข่า)
 3. อำเภอพิบูลย์รักษ์
 (ยกเว้นตำบลนาทราย)
 1. อำเภอบ้านดุง
 2. อำเภอทุ่งฝน
 3. อำเภอสร้างคอม
 4. อำเภอพิบูลย์รักษ์
 (เฉพาะตำบลนาทราย)
 1. อำเภอหนองหาน
 2. อำเภอประจักษ์ศิลปาคม
 3. อำเภอเมืองอุดรธานี (เฉพาะตำบลโนนสูง ตำบลหนองนาคำ เทศบาลตำบลหนองไผ่ เทศบาลตำบล หนองขอนกว้าง และเทศบาลเมืองโนนสูง- น้ำคำ)
 1. อำเภอวังสามหมอ
 2. อำเภอศรีธาตุ
 3. อำเภอไชยวาน
 4. อำเภอกู่แก้ว
 5. อำเภอกุมภวาปี (เฉพาะตำบลสีออ เทศบาลตำบลเวียงคำ   และตำบลท่าลี่)",,1
,,,,,,,0
หนา ๖๔,,,,,,,0
,,,,,,,0
ลำดับ ที่,จังหวัด,"จำนวน
 สมาชิกสภา ผู้แทนราษฎร","จำนวน
 เขตเลือกตั้ง","เขต
 เลือกตั้งที่","ท้องที่ที่ประกอบ
 เป็นเขตเลือกตั้ง",,1
,,,,"6
 
 
 
 
 
 
 
 
 
 7
 
 
 
 
 
 
 
 
 
 
 8","1. อำเภอหนองแสง
 2. อำเภอโนนสะอาด
 3. อำเภอกุมภวาปี (ยกเว้นตำบลสีออ เทศบาลตำบลเวียงคำ และตำบลท่าลี่)
 4. อำเภอเมืองอุดรธานี (เฉพาะตำบลบ้านจั่น เทศบาลตำบลบ้านจั่น
 และตำบลบ้านตาด)
 1. อำเภอกุดจับ
 2. อำเภอหนองวัวซอ
 3. อำเภอเมืองอุดรธานี (เฉพาะตำบลหนองไฮ ตำบลโคกสะอาด ตำบลนิคมสงเคราะห์ ตำบลเชียงพิณ ตำบลเชียงยืน ตำบลบ้านเลื่อม และเทศบาลตำบล นิคมสงเคราะห์)
 1. อำเภอบ้านผือ
 2. อำเภอน้ำโสม
 3 . อำเภอนายูง",,1
73,เชียงใหม่,9,9,"1
 2","อำเภอเมืองเชียงใหม่ ๑. อำเภอสารภี
 ๒. อำเภอหางดง",,1
,,,,,,,0
หนา ๖๕,,,,,,,0
,,,,,,,0
ลำดับ ที่,จังหวัด,"จำนวน
 สมาชิกสภา ผู้แทนราษฎร","จำนวน
 เขตเลือกตั้ง","เขต
 เลือกตั้งที่","ท้องที่ที่ประกอบ
 เป็นเขตเลือกตั้ง",,1
,,,,"3
 
 
 4
 
 
 
 5
 
 
 
 
 ๖
 
 
 7
 
 8
 
 
 
 9","๑. อำเภอสันกำแพง
 ๒. อำเภอดอยสะเก็ด
 ๓. อำเภอแม่ออน
 ๑. อำเภอสันทราย
 ๒. อำเภอพร้าว
 ๓. อำเภอแม่แตง
 (เฉพาะตำบลแม่หอพระ)
 ๑. อำเภอแม่ริม
 ๒. อำเภอสะเมิง
 ๓. อำเภอกัลยาณิวัฒนา
 ๔. อำเภอแม่แตง
 (ยกเว้นตำบลแม่หอพระ)
 ๑. อำเภอไชยปราการ
 ๒. อำเภอเชียงดาว ๓. อำเภอเวียงแหง
 ๑. อำเภอฝาง
 ๒. อำเภอแม่อาย
 ๑. อำเภอสันป่าตอง
 ๒. อำเภอจอมทอง
 ๓. อำเภอแม่วาง
 ๔. อำเภอดอยหล่อ
 ๑. อำเภอฮอด
 ๒. อำเภอแม่แจ่ม ๓. อำเภออมก๋อย
 ๔. อำเภอดอยเต่า",,1
74,ขอนแก่น,10,10,1,"อำเภอเมืองขอนแก่น (เฉพาะตำบลในเมือง
 ตำบลเมืองเก่า ตำบลบ้านเป็ด)",,1
,,,,,,,0
หนา ๖๖,,,,,,,0
,,,,,,,0
ลำดับ ที่,จังหวัด,"จำนวน
 สมาชิกสภา ผู้แทนราษฎร","จำนวน
 เขตเลือกตั้ง","เขต
 เลือกตั้งที่","ท้องที่ที่ประกอบ
 เป็นเขตเลือกตั้ง",,1
,,,,"2
 
 
 
 
 
 
 
 
 
 
 
 
 3
 
 4
 
 
 
 
 
 
 
 5","๑. อำเภอซำสูง
 ๒. อำเภอเมืองขอนแก่น (เฉพาะตำบลศิลา ตำบลบ้านทุ่ม ตำบลพระลับ ตำบลหนองตูม ตำบลท่าพระ ตำบลบึงเนียม ตำบลโคกสี ตำบลบ้านหว้า ตำบลดอนช้าง ตำบลดอนหัน และตำบลแดงใหญ่)
 ๑. อำเภอกระนวน
 ๒. อำเภอน้ำพอง
 ๑. อำเภอเขาสวนกวาง
 ๒. อำเภออุบลรัตน์
 ๓. อำเภอบ้านฝาง
 ๔. อำเภอเมืองขอนแก่น (เฉพาะตำบลบ้านค้อ ตำบลสำราญ ตำบลโนนท่อน และตำบลสาวะถี) ๑. อำเภอหนองนาคำ
 ๒. อำเภอภูเวียง
 ๓. อำเภอเวียงเก่า
 ๔. อำเภอสีชมพู",,1
,,,,,,,0
หนา ๖๗,,,,,,,0
,,,,,,,0
ลำดับ ที่,จังหวัด,"จำนวน
 สมาชิกสภา ผู้แทนราษฎร","จำนวน
 เขตเลือกตั้ง","เขต
 เลือกตั้งที่","ท้องที่ที่ประกอบ
 เป็นเขตเลือกตั้ง",,1
,,,,"6
 
 
 
 
 
 7
 
 8
 
 
 
 9
 
 
 
 10","(ยกเว้นตำบลนาจาน ตำบลซำยาง ตำบลภูห่าน
 และตำบลหนองแดง)
 ๑. อำเภอชุมแพ
 ๒. อำเภอภูผาม่าน
 ๓. อำเภอสีชมพู
 (เฉพาะตำบลนาจาน ตำบลซำยาง ตำบลภูห่าน
 และตำบลหนองแดง)
 ๑. อำเภอหนองเรือ
 ๒. อำเภอมัญจาคีรี
 ๑. อำเภอพล
 ๒. อำเภอแวงน้อย ๓. อำเภอแวงใหญ่
 ๔. อำเภอโคกโพธิ์ไชย
 ๑. อำเภอหนองสองห้อง
 ๒. อำเภอโนนศิลา
 ๓. อำเภอชนบท
 ๔. อำเภอเปือยน้อย
 ๑. อำเภอบ้านไผ่
 ๒. อำเภอบ้านแฮด ๓. อำเภอพระยืน",,1
75,อุบลราชธานี,10,10,"1
 
 
 2","อำเภอเมืองอุบลราชธานี (ยกเว้นตำบลกระโสบ และตำบลกุดลาด) ๑. อำเภอเขื่องใน
 ๒. อำเภอม่วงสามสิบ",,1
,,,,,,,0
หนา ๖๘,,,,,,,0
,,,,,,,0
ลำดับ ที่,จังหวัด,"จำนวน
 สมาชิกสภา ผู้แทนราษฎร","จำนวน
 เขตเลือกตั้ง","เขต
 เลือกตั้งที่","ท้องที่ที่ประกอบ
 เป็นเขตเลือกตั้ง",,1
,,,,"3
 
 4
 
 ๕
 
 
 6
 
 
 
 
 
 7
 
 
 
 
 
 
 
 
 8
 
 
 
 
 
 
 9","๑. อำเภอวารินชำราบ ๒. อำเภอนาเยีย อำเภอเดชอุดม
 (ยกเว้นตำบลทุ่งเทิง)
 ๑. อำเภอตระการพืชผล
 ๒. อำเภอกุดข้าวปุ้น
 ๓. อำเภอเหล่าเสือโก้ก
 ๑. อำเภอเขมราฐ
 ๒. อำเภอโพธิ์ไทร
 ๓. อำเภอนาตาล
 ๔. อำเภอศรีเมืองใหม่ (เฉพาะตำบลนาเลิน และตำบลหนามแท่ง)
 ๑. อำเภอศรีเมืองใหม่ (ยกเว้นตำบลนาเลิน และตำบลหนามแท่ง)
 ๒. อำเภอโขงเจียม
 ๓. อำเภอตาลสุม
 ๔. อำเภอดอนมดแดง
 ๕. อำเภอเมืองอุบลราชธานี (เฉพาะตำบลกระโสบ และตำบลกุดลาด) ๑. อำเภอพิบูลมังสาหาร
 ๒. อำเภอสว่างวีระวงศ์
 ๓. อำเภอสิรินธร
 (เฉพาะตำบลฝางคำ ตำบลคันไร่ และตำบลนิคมสร้างตนเอง ลำโดมน้อย)
 ๑. อำเภอบุณฑริก
 ๒. อำเภอนาจะหลวย",,1
,,,,,,,0
หนา ๖๙,,,,,,,0
,,,,,,,0
ลำดับ ที่,จังหวัด,"จำนวน
 สมาชิกสภา ผู้แทนราษฎร","จำนวน
 เขตเลือกตั้ง","เขต
 เลือกตั้งที่","ท้องที่ที่ประกอบ
 เป็นเขตเลือกตั้ง",,1
,,,,10,"๓. อำเภอสิรินธร (ยกเว้นตำบลฝางคำ ตำบลคันไร่ และตำบลนิคมสร้างตนเอง ลำโดมน้อย)
 ๑. อำเภอน้ำยืน ๒. อำเภอน้ำขุ่น
 ๓. อำเภอทุ่งศรีอุดม
 ๔. อำเภอสำโรง
 ๕. อำเภอเดชอุดม
 (เฉพาะตำบลทุ่งเทิง)",,1
๗๖,นครราชสีมา,๑๔,๑๔,"๑
 
 
 
 
 ๒","อำเภอเมืองนครราชสีมา (เฉพาะตำบลในเมือง ตำบลหนองจะบก ตำบลโพธิ์กลาง และตำบลหนองไผ่ล้อม) อำเภอเมืองนครราชสีมา (เฉพาะตำบลจอหอ ตำบลบ้านใหม่ ตำบลหมื่นไวย ตำบลโคกสูง ตำบลพุดซา
 ตำบลบ้านโพธิ์ ตำบลหนองกระทุ่ม ตำบลตลาด
 ตำบลสีมุม ตำบลหนองไข่น้ำ
 ตำบลบ้านเกาะ ตำบลมะเริง ตำบลพลกรัง ตำบลโคกกรวด",,1
,,,,,,,0
หนา ๗๐,,,,,,,0
,,,,,,,0
ลำดับ ที่,จังหวัด,"จำนวน
 สมาชิกสภา ผู้แทนราษฎร","จำนวน
 เขตเลือกตั้ง","เขต
 เลือกตั้งที่","ท้องที่ที่ประกอบ
 เป็นเขตเลือกตั้ง",,1
,,,,"๓
 
 
 
 
 
 
 
 
 ๔
 
 
 
 
 
 
 
 
 
 
 
 ๕","ตำบลสุรนารี และตำบลปรุใหญ่)
 ๑. อำเภอสูงเนิน
 ๒. อำเภอขามทะเลสอ
 ๓. อำเภอสีคิ้ว
 (เฉพาะตำบลสีคิ้ว ตำบลลาดบัวขาว ตำบลหนองน้ำใส ตำบลคลองไผ่ ตำบลมิตรภาพ และตำบลหนองหญ้าขาว)
 ๑. อำเภอโนนสูง
 ๒. อำเภอโนนไทย (เฉพาะตำบลกำปัง ตำบลถนนโพธิ์ ตำบลสำโรง ตำบลด่านจาก และตำบลมะค่า)
 ๓. อำเภอพิมาย (เฉพาะตำบลสัมฤทธิ์  ตำบลท่าหลวง ตำบลกระเบื้องใหญ่ และตำบลชีวาน)
 ๑. อำเภอบัวใหญ่
 ๒. อำเภอแก้งสนามนาง
 ๓. อำเภอบัวลาย
 ๔. อำเภอสีดา
 ๕. อำเภอบ้านเหลื่อม",,1
,,,,,,,0
หนา ๗๑,,,,,,,0
,,,,,,,0
ลำดับ ที่,จังหวัด,"จำนวน
 สมาชิกสภา ผู้แทนราษฎร","จำนวน
 เขตเลือกตั้ง","เขต
 เลือกตั้งที่","ท้องที่ที่ประกอบ
 เป็นเขตเลือกตั้ง",,1
,,,,"๖
 
 
 
 
 
 
 
 ๗
 
 
 
 
 
 ๘
 
 
 ๙
 
 
 
 
 
 ๑๐","๑. อำเภอประทาย
 ๒. อำเภอโนนแดง
 ๓. อำเภอเมืองยาง
 ๔. อำเภอลำทะเมนชัย
 ๕. อำเภอคง
 (เฉพาะตำบลเทพาลัย ตำบลขามสมบูรณ์ และตำบลตาจั่น) ๑. อำเภอชุมพวง
 ๒. อำเภอพิมาย (ยกเว้นตำบลสัมฤทธิ์  ตำบลท่าหลวง ตำบลกระเบื้องใหญ่ และตำบลชีวาน) ๑. อำเภอห้วยแถลง
 ๒. อำเภอจักราช
 ๓. อำเภอเฉลิมพระเกียรติ
 ๑. อำเภอโชคชัย
 ๒. อำเภอหนองบุญมาก
 ๓. อำเภอเมืองนครราชสีมา (เฉพาะตำบลหัวทะเล ตำบลหนองระเวียง
 และตำบลพะเนา)
 ๑. อำเภอครบุรี
 ๒. อำเภอเสิงสาง
 ๓. อำเภอวังน้ำเขียว
 (เฉพาะตำบลวังน้ำเขียว และตำบลไทยสามัคคี)",,1
,,,,,,,0
หนา ๗๒,,,,,,,0
,,,,,,,0
ลำดับ ที่,จังหวัด,"จำนวน
 สมาชิกสภา ผู้แทนราษฎร","จำนวน
 เขตเลือกตั้ง","เขต
 เลือกตั้งที่","ท้องที่ที่ประกอบ
 เป็นเขตเลือกตั้ง",,1
,,,,"๑๑
 
 
 
 
 
 
 
 
 ๑๒
 
 ๑๓
 
 
 
 
 
 
 
 
 ๑๔","๑. อำเภอปักธงชัย
 ๒. อำเภอวังน้ำเขียว (ยกเว้นตำบลวังน้ำเขียว และตำบลไทยสามัคคี)
 ๓. อำเภอเมืองนครราชสีมา (เฉพาะตำบลหนองบัวศาลา
 และตำบลไชยมงคล)
 ๔. อำเภอปากช่อง (เฉพาะตำบลวังกะทะ) อำเภอปากช่อง (ยกเว้นตำบลวังกะทะ)
 ๑. อำเภอด่านขุนทด
 ๒. อำเภอเทพารักษ์
 ๓. อำเภอสีคิ้ว
 (ยกเว้นตำบลสีคิ้ว ตำบลลาดบัวขาว ตำบลหนองน้ำใส ตำบลคลองไผ่ ตำบลมิตรภาพ และตำบลหนองหญ้าขาว)
 ๑. อำเภอขามสะแกแสง
 ๒. อำเภอพระทองคำ
 ๓. อำเภอคง
 (ยกเว้นตำบลเทพาลัย ตำบลขามสมบูรณ์ และตำบลตาจั่น) ๔. อำเภอโนนไทย
 (ยกเว้นตำบลกำปัง",,1
,,,,,,,0
หนา ๗๓,,,,,,,0
,,,,,,,0
ลำดับ ที่,จังหวัด,"จำนวน
 สมาชิกสภา ผู้แทนราษฎร","จำนวน
 เขตเลือกตั้ง","เขต
 เลือกตั้งที่","ท้องที่ที่ประกอบ
 เป็นเขตเลือกตั้ง",,1
,,,,,ตำบลถนนโพธิ์ ตำบลสำโรง ตำบลด่านจาก และตำบลมะค่า),,1
77,กรุงเทพมหานคร,30,30,"1
 
 
 
 
 2
 
 
 3
 
 4
 
 5
 
 6
 
 
 
 
 7
 
 
 8","๑. เขตพระนคร
 ๒. เขตป้อมปราบศัตรูพ่าย
 ๓. เขตสัมพันธวงศ์
 ๔. เขตดุสิต
 (ยกเว้นแขวงถนนนครไชยศรี)
 ๑. เขตปทุมวัน
 ๒. เขตบางรัก
 ๓. เขตสาทร
 ๑. เขตบางคอแหลม
 ๒. เขตยานนาวา
 ๑. เขตคลองเตย
 ๒. เขตวัฒนา
 ๑. เขตดินแดง
 ๒. เขตห้วยขวาง
 ๑. เขตพญาไท
 ๒. เขตราชเทวี
 ๓. เขตจตุจักร
 (เฉพาะแขวงจตุจักร
 และแขวงจอมพล)
 ๑. เขตบางซื่อ
 ๒. เขตดุสิต
 (เฉพาะแขวงถนนนครไชยศรี)
 ๑. เขตลาดพร้าว
 ๒. เขตวังทองหลาง",,1
,,,,,,,0
หนา ๗๔,,,,,,,0
,,,,,,,0
ลำดับ ที่,จังหวัด,"จำนวน
 สมาชิกสภา ผู้แทนราษฎร","จำนวน
 เขตเลือกตั้ง","เขต
 เลือกตั้งที่","ท้องที่ที่ประกอบ
 เป็นเขตเลือกตั้ง",,1
,,,,"9
 
 
 
 10
 11
 12
 13
 
 
 14
 
 
 15
 
 
 16
 17
 18
 19
 
 
 
 20","(ยกเว้นแขวงพลับพลา)
 ๑. เขตหลักสี่
 ๒. เขตจตุจักร
 (ยกเว้นแขวงจตุจักร และแขวงจอมพล)
 เขตดอนเมือง เขตสายไหม เขตบางเขน ๑. เขตบางกะปิ
 ๒. เขตวังทองหลาง
 (เฉพาะแขวงพลับพลา)
 ๑. เขตบึงกุ่ม
 ๒. เขตคันนายาว
 (เฉพาะแขวงรามอินทรา)
 ๑. เขตมีนบุรี
 ๒. เขตคันนายาว (ยกเว้นแขวงรามอินทรา) เขตคลองสามวา เขตหนองจอก เขตลาดกระบัง ๑. เขตสะพานสูง
 ๒. เขตประเวศ
 (ยกเว้นแขวงหนองบอน และแขวงดอกไม้) ๑. เขตสวนหลวง
 ๒. เขตประเวศ
 (เฉพาะแขวงหนองบอน และแขวงดอกไม้)",,1
,,,,,,,0
หนา ๗๕,,,,,,,0
,,,,,,,0
ลำดับ ที่,จังหวัด,"จำนวน
 สมาชิกสภา ผู้แทนราษฎร","จำนวน
 เขตเลือกตั้ง","เขต
 เลือกตั้งที่","ท้องที่ที่ประกอบ
 เป็นเขตเลือกตั้ง",,1
,,,,"21
 
 22
 
 
 
 
 
 23
 
 
 
 
 24
 
 25
 26
 
 
 27
 
 
 
 
 
 28
 29","๑. เขตบางนา
 ๒. เขตพระโขนง
 ๑. เขตคลองสาน
 ๒. เขตบางกอกใหญ่
 ๓. เขตธนบุรี
 (ยกเว้นแขวงดาวคะนอง แขวงบุคคโล และแขวงสำเหร่)
 ๑. เขตจอมทอง
 ๒. เขตธนบุรี
 (เฉพาะแขวงดาวคะนอง แขวงบุคคโล และแขวงสำเหร่) ๑. เขตราษฎร์บูรณะ ๒. เขตทุ่งครุ เขตบางขุนเทียน
 ๑. เขตบางบอน
 ๒. เขตหนองแขม
 (เฉพาะแขวงหนองแขม)
 ๑. เขตทวีวัฒนา
 ๒. เขตตลิ่งชัน
 (เฉพาะแขวงตลิ่งชัน และแขวงฉิมพลี)
 ๓. เขตหนองแขม (ยกเว้นแขวงหนองแขม)
 เขตบางแค ๑. เขตภาษีเจริญ
 ๒. เขตตลิ่งชัน",,1
,,,,,,,0
หนา ๗๖,,,,,,,0
,,,,,,,0
ลำดับ ที่,จังหวัด,"จำนวน
 สมาชิกสภา ผู้แทนราษฎร","จำนวน
 เขตเลือกตั้ง","เขต
 เลือกตั้งที่","ท้องที่ที่ประกอบ
 เป็นเขตเลือกตั้ง",,1
,,,,30,"(ยกเว้นแขวงตลิ่งชัน และแขวงฉิมพลี) ๑. เขตบางพลัด
 ๒. เขตบางกอกน้อย",,1
,,,,,,,0
,,,,,,,0
,,,,,,,0
,,,,,,,0
,,,,,,,0
,,,,,,,0
,,,,,,,0
,,,,,,,0
,,,,,,,0
,,,,,,,0
,,,,,,,0
,,,,,,,0
,,,,,,,0
,,,,,,,0
,,,,,,,0
,,,,,,,0
,,,,,,,0
,,,,,,,0